municipio,municipio_normalizado,iqa_2024,iqa_matriculas_2024,iqa_avaliados_mat_2024,iqa_avaliados_lp_2024,iqa_participacao_mat_2024,iqa_participacao_lp_2024,iqa_proficiencia_mat_2024,iqa_proficiencia_lp_2024,iqa_mat_abaixo_basico_2024,iqa_mat_basico_2024,iqa_mat_proficiente_2024,iqa_mat_avancado_2024,iqa_lp_abaixo_basico_2024,iqa_lp_basico_2024,iqa_lp_proficiente_2024,iqa_lp_avancado_2024,iqf5_matriculas_2023,iqf5_matriculas_2024,iqf5_avaliados_mat_2023,iqf5_avaliados_lp_2023,iqf5_avaliados_mat_2024,iqf5_avaliados_lp_2024,iqf5_participacao_mat_2023,iqf5_participacao_lp_2023,iqf5_participacao_mat_2024,iqf5_participacao_lp_2024,iqf5_proficiencia_mat_2023,iqf5_proficiencia_lp_2023,iqf5_proficiencia_mat_2024,iqf5_proficiencia_lp_2024,iqf5_mat_muito_critico_2023,iqf5_mat_adequado_2023,iqf5_lp_muito_critico_2023,iqf5_lp_adequado_2023,iqf5_mat_muito_critico_2024,iqf5_mat_adequado_2024,iqf5_lp_muito_critico_2024,iqf5_lp_adequado_2024,iqf9_matriculas_2023,iqf9_matriculas_2024,iqf9_avaliados_mat_2023,iqf9_avaliados_lp_2023,iqf9_avaliados_mat_2024,iqf9_avaliados_lp_2024,iqf9_participacao_mat_2023,iqf9_participacao_lp_2023,iqf9_participacao_mat_2024,iqf9_participacao_lp_2024,iqf9_proficiencia_mat_2023,iqf9_proficiencia_lp_2023,iqf9_proficiencia_mat_2024,iqf9_proficiencia_lp_2024,iqf9_mat_muito_critico_2023,iqf9_mat_adequado_2023,iqf9_lp_muito_critico_2023,iqf9_lp_adequado_2023,iqf9_mat_muito_critico_2024,iqf9_mat_adequado_2024,iqf9_lp_muito_critico_2024,iqf9_lp_adequado_2024,taxa_aprovacao_2024,inse_spaece_2024
ABAIARA,ABAIARA,0.004244977097234133,95,97,97,100.0,100.0,600.58324742,670.98525946,0.0,7.21649485,32.98969072,59.79381443,4.12371134,14.43298969,52.57731959,28.86597938,127,103.0,126,126,104,104,99.21259842519686,99.21259842519686,100.0,100.0,227.423950004426,221.52140156864,245.59591346,236.47461538,7.14285714285714,31.7460317460317,0.793650793650794,48.4126984126984,2.88461538,52.88461538,0.96153846,63.46153846,113,98.0,117,117,99,99,100.0,100.0,100.0,100.0,250.085910984767,259.410685062982,252.56583838,255.50270707,35.042735042735,3.41880341880342,12.8205128205128,20.5128205128205,32.32323232,6.06060606,11.11111111,15.15151515,98.8,4.93123674031012
ACARAPE,ACARAPE,0.0032894112944006322,174,170,171,97.70114942528735,98.27586206896551,618.38347647,689.81162453,0.58823529,5.88235294,25.29411765,68.23529412,0.0,13.4502924,42.10526316,44.44444444,216,208.0,215,215,200,200,99.53703703703704,99.53703703703704,96.15384615384616,96.15384615384616,226.866620950403,217.655128210276,248.19895,234.7012,5.58139534883721,33.4883720930233,2.32558139534884,45.5813953488372,2.0,51.0,1.0,56.5,201,190.0,201,201,187,187,100.0,100.0,98.42105263157895,98.42105263157895,251.485780454075,260.862937665629,247.28762032,254.97689305,32.3383084577114,8.45771144278607,10.9452736318408,21.8905472636816,33.68983957,4.81283422,14.43850267,16.04278075,99.7,4.94370242739036
ACARAU,ACARAU,0.005847745029805921,834,844,846,100.0,100.0,650.59672393,761.70630058,0.0,0.47393365,8.6492891,90.87677725,0.35460993,2.24586288,14.42080378,82.9787234,803,788.0,816,816,792,792,100.0,100.0,100.0,100.0,262.332004487878,248.61072191615,293.02667677,273.71575379,1.34803921568627,60.7843137254902,1.34803921568627,68.8725490196078,0.88383838,85.35353535,0.50505051,87.12121212,840,844.0,854,853,842,842,100.0,100.0,99.76303317535546,99.76303317535546,270.710748748828,269.612916351995,311.5509715,288.87067102,23.6533957845433,17.096018735363,9.49589683470106,28.1359906213365,7.95724466,47.03087886,3.9192399,45.96199525,99.2,4.82492632576048
ACOPIARA,ACOPIARA,0.0009558410384536995,416,417,420,100.0,100.0,520.43290887,605.02899795,11.03117506,24.2206235,43.16546763,21.58273381,21.42857143,23.80952381,30.71428571,24.04761905,439,422.0,446,446,414,414,100.0,100.0,98.10426540284361,98.10426540284361,215.080483223264,216.618801752073,218.46188406,213.75171643,8.74439461883408,26.0089686098655,5.38116591928251,48.8789237668161,9.90338164,27.77777778,3.38164251,42.99516908,576,480.0,560,560,481,481,97.22222222222221,97.22222222222221,100.0,100.0,244.700459124538,257.496343822683,246.85491892,253.39761538,39.6428571428571,5.89285714285714,14.1071428571429,20.3571428571429,34.3035343,4.57380457,16.21621622,19.33471933,99.5,4.90512376808964
AIUABA,AIUABA,0.004640158973614754,164,169,166,100.0,100.0,544.29525444,618.79373202,5.32544379,21.30177515,46.74556213,26.62721893,7.8313253,36.14457831,40.36144578,15.6626506,186,164.0,191,191,165,165,100.0,100.0,100.0,100.0,215.986206408896,211.061864645575,217.01026667,215.00246667,8.37696335078534,23.0366492146597,4.71204188481675,42.4083769633508,10.90909091,26.06060606,2.42424242,43.63636364,210,192.0,218,218,186,186,100.0,100.0,96.875,96.875,246.34690698541,251.728080060364,239.93019892,238.13055376,38.5321100917431,6.88073394495413,17.8899082568807,16.9724770642202,37.09677419,3.76344086,24.7311828,10.75268817,99.5,4.90463592707927
ALCANTARAS,ALCANTARAS,0.006824671107690804,144,144,144,100.0,100.0,661.09986806,792.84401503,0.69444444,0.69444444,1.38888889,97.22222222,0.0,0.0,0.69444444,99.30555556,159,150.0,163,163,150,150,100.0,100.0,100.0,100.0,318.987284668837,285.216670940667,307.69698667,293.17794,0.0,99.3865030674847,0.0,93.8650306748466,0.66666667,95.33333333,0.0,98.0,120,136.0,123,123,136,136,100.0,100.0,100.0,100.0,273.487347447242,274.636609246699,283.78330147,279.41198529,16.260162601626,10.5691056910569,6.50406504065041,25.2032520325203,15.44117647,24.26470588,5.88235294,35.29411765,99.3,5.0388993625806
ALTANEIRA,ALTANEIRA,0.00655659296672803,110,109,109,99.0909090909091,99.0909090909091,649.04882569,752.52821964,0.0,0.0,1.83486239,98.16513761,3.66972477,6.42201835,9.17431193,80.73394495,120,106.0,122,122,108,108,100.0,100.0,100.0,100.0,316.216124641883,304.269824283624,308.13441667,284.74058333,0.0,99.1803278688525,0.0,99.1803278688525,0.92592593,94.44444444,0.0,93.51851852,119,47.0,123,123,48,48,100.0,100.0,100.0,100.0,309.852387349878,279.258111506042,351.46777083,291.44604167,12.1951219512195,48.780487804878,4.0650406504065,26.8292682926829,0.0,85.41666667,2.08333333,43.75,100.0,4.89163800134402
ALTO SANTO,ALTO SANTO,0.006491144833983665,199,203,203,100.0,100.0,647.7539064,768.64335269,0.0,0.49261084,12.80788177,86.69950739,0.0,0.49261084,13.79310345,85.71428571,121,176.0,124,124,177,177,100.0,100.0,100.0,100.0,304.002895606931,291.394694320009,293.83710169,270.63828814,0.0,90.3225806451613,0.0,93.5483870967742,0.0,88.13559322,0.0,88.70056497,176,157.0,178,178,160,160,100.0,100.0,100.0,100.0,311.145843535433,300.164446704833,321.33114375,300.44639375,6.74157303370786,46.0674157303371,2.80898876404494,56.7415730337079,3.125,48.75,1.25,55.625,100.0,5.14235523700028
AMONTADA,AMONTADA,0.0031941386868624038,738,728,732,98.6449864498645,99.1869918699187,578.15694918,666.67656555,2.1978022,14.14835165,38.32417582,45.32967033,5.19125683,18.98907104,36.06557377,39.75409836,768,659.0,767,768,656,656,99.86979166666666,100.0,99.54476479514416,99.54476479514416,219.644057796585,220.492112746994,238.62716463,233.49927119,6.51890482398957,29.3350717079531,3.64583333333333,47.5260416666667,3.81097561,45.57926829,1.67682927,57.77439024,722,686.0,717,717,683,683,99.30747922437672,99.30747922437672,99.56268221574344,99.56268221574344,256.314983212165,260.941086949925,266.49345827,261.86366325,30.5439330543933,9.20502092050209,10.5997210599721,19.9442119944212,20.05856515,11.56661786,12.59150805,22.10834553,98.9,4.8279272209957
ANTONINA DO NORTE,ANTONINA DO NORTE,0.006663030071333629,82,87,87,100.0,100.0,645.03205747,752.11702977,0.0,1.14942529,11.49425287,87.35632184,0.0,0.0,24.13793103,75.86206897,98,95.0,101,101,95,95,100.0,100.0,100.0,100.0,312.03185708965,292.480887743042,313.77103158,291.73271579,0.0,95.049504950495,0.0,95.049504950495,1.05263158,97.89473684,0.0,98.94736842,131,84.0,133,133,87,87,100.0,100.0,100.0,100.0,298.513873653319,288.621654654782,291.76381609,281.83968966,9.02255639097744,30.0751879699248,2.25563909774436,44.3609022556391,19.54022989,35.63218391,6.89655172,39.08045977,99.2,4.70284447588173
APUIARES,APUIARES,0.002654375245946498,131,135,135,100.0,100.0,588.03265926,621.41741218,2.96296296,8.14814815,40.0,48.88888889,10.37037037,26.66666667,42.96296296,20.0,149,157.0,155,155,158,158,100.0,100.0,100.0,100.0,230.076734663482,232.159466354025,227.53401266,231.97546203,3.2258064516129,32.9032258064516,1.93548387096774,56.7741935483871,8.2278481,39.87341772,2.53164557,56.96202532,178,157.0,177,177,156,156,99.43820224719101,99.43820224719101,99.36305732484077,99.36305732484077,248.639228534715,265.082925169966,256.32421795,266.41589103,33.8983050847458,6.77966101694915,11.864406779661,27.1186440677966,24.35897436,10.25641026,6.41025641,25.64102564,98.5,4.86115880749465
AQUIRAZ,AQUIRAZ,0.005587427486660421,1009,1031,1030,100.0,100.0,601.4752677,685.75456568,2.03685742,7.66246363,30.45586809,59.84481086,5.53398058,10.58252427,36.69902913,47.18446602,1027,932.0,1031,1031,947,946,100.0,100.0,100.0,100.0,228.20307746436,232.423537776562,235.15472006,237.36797252,3.2007759456838,33.1716779825412,1.93986420950533,57.807953443259,5.17423442,39.49313622,0.84566596,61.09936575,1093,1029.0,1082,1083,1026,1026,98.9935956084172,99.08508691674291,99.70845481049562,99.70845481049562,243.573061225951,250.572918490458,251.01032846,252.92908674,36.4140480591497,4.62107208872458,18.5595567867036,18.7442289935365,32.35867446,6.7251462,16.08187135,20.07797271,99.1,5.15338276790315
ARACATI,ARACATI,0.005613533464307092,794,814,815,100.0,100.0,631.45232064,732.99854534,1.22850123,4.17690418,14.25061425,80.34398034,2.33128834,6.50306748,19.75460123,71.41104294,663,750.0,678,678,765,765,100.0,100.0,100.0,100.0,255.604910911201,246.299116615121,269.33481699,259.0394915,2.21238938053097,56.9321533923304,0.884955752212389,67.9941002949852,1.96078431,69.54248366,0.52287582,76.07843137,886,894.0,892,892,898,899,100.0,100.0,100.0,100.0,268.084119982645,272.058890677967,272.58476726,272.21839711,24.7757847533632,18.609865470852,8.40807174887892,31.8385650224215,20.48997773,20.37861915,9.67741935,32.03559511,99.2,5.07276839423398
ARACOIABA,ARACOIABA,0.005267282827560326,321,310,310,96.57320872274143,96.57320872274143,591.22897742,679.59159821,0.96774194,9.35483871,40.0,49.67741935,3.5483871,17.41935484,34.83870968,44.19354839,293,335.0,296,296,329,328,100.0,100.0,98.2089552238806,97.91044776119404,231.913831723466,224.488457892738,231.75452584,229.48747561,5.06756756756757,35.8108108108108,1.68918918918919,54.0540540540541,4.86322188,37.08206687,2.43902439,55.79268293,357,343.0,359,359,343,343,100.0,100.0,100.0,100.0,234.683758732464,241.070785068526,240.18313411,248.1354723,46.7966573816156,3.62116991643454,26.1838440111421,15.5988857938719,39.94169096,6.99708455,22.74052478,18.07580175,100.0,4.84876714730142
ARARENDA,ARARENDA,0.005691601037052058,157,160,160,100.0,100.0,661.381375,799.2210853,0.0,0.0,0.625,99.375,0.0,0.0,1.25,98.75,161,132.0,163,163,134,134,100.0,100.0,100.0,100.0,336.140394243684,300.774490055708,326.4153806,318.5026791,0.0,98.159509202454,0.0,98.7730061349693,0.0,98.50746269,0.0,100.0,157,121.0,160,160,123,123,100.0,100.0,100.0,100.0,374.92659139488,303.334947781874,376.77635772,317.3562439,1.875,92.5,1.25,59.375,0.0,99.18699187,0.0,67.4796748,100.0,4.63855406583622
ARARIPE,ARARIPE,0.003636398165219217,296,299,299,100.0,100.0,556.72077258,633.8330687,3.67892977,19.06354515,42.47491639,34.7826087,11.70568562,22.74247492,38.46153846,27.090301,311,306.0,313,314,300,300,100.0,100.0,98.0392156862745,98.0392156862745,223.898940134344,229.342353712244,237.65074767,235.64661,6.38977635782748,31.3099041533546,3.18471337579618,57.0063694267516,4.33333333,38.66666667,1.0,62.66666667,307,314.0,302,303,318,318,98.37133550488599,98.69706840390879,100.0,100.0,246.123444680502,250.773607850175,261.50290881,263.53730189,35.0993377483444,6.29139072847682,18.1518151815182,17.4917491749175,24.21383648,6.91823899,8.49056604,22.01257862,93.7,4.83381615527021
ARATUBA,ARATUBA,0.005403860914582661,177,180,181,100.0,100.0,585.09756667,678.82948108,3.33333333,11.66666667,35.0,50.0,4.97237569,11.04972376,40.8839779,43.09392265,172,159.0,168,168,164,164,97.67441860465115,97.67441860465115,100.0,100.0,236.907583210126,230.546537520493,242.70258293,241.50577439,1.78571428571429,36.9047619047619,0.595238095238095,50.0,3.65853659,48.7804878,1.82926829,66.46341463,203,164.0,206,206,171,171,100.0,100.0,100.0,100.0,253.534994537397,251.550157669492,264.69125146,257.27205848,39.8058252427184,17.9611650485437,20.873786407767,20.873786407767,21.6374269,16.95906433,12.86549708,19.29824561,99.9,4.9259179848849
ARNEIROZ,ARNEIROZ,0.0019221037224877668,86,90,90,100.0,100.0,560.2527,646.83474843,8.88888889,18.88888889,35.55555556,36.66666667,5.55555556,17.77777778,46.66666667,30.0,79,80.0,80,80,81,81,100.0,100.0,100.0,100.0,226.641689799486,214.367486990657,251.23580247,232.66658025,6.25,32.5,10.0,52.5,0.0,53.08641975,0.0,60.49382716,112,99.0,111,111,101,101,99.10714285714286,99.10714285714286,100.0,100.0,245.135537650821,248.633664464271,261.54752475,257.89459406,39.6396396396396,8.10810810810811,20.7207207207207,19.8198198198198,20.79207921,8.91089109,10.89108911,15.84158416,98.6,4.99847850878692
ASSARE,ASSARE,0.006385358722672198,245,249,249,100.0,100.0,661.56091165,766.68779425,0.0,0.40160643,0.40160643,99.19678715,1.20481928,2.81124498,10.04016064,85.9437751,237,266.0,244,244,274,274,100.0,100.0,100.0,100.0,248.230304805018,238.813462937044,277.3305146,275.44109854,4.0983606557377,50.8196721311475,3.27868852459016,63.9344262295082,0.3649635,75.18248175,0.0,86.13138686,232,219.0,235,235,218,218,100.0,100.0,99.54337899543378,99.54337899543378,255.36448652005,247.441995951994,267.72461927,257.99660092,34.0425531914894,11.9148936170213,25.531914893617,18.7234042553191,20.18348624,14.22018349,13.76146789,21.10091743,99.8,4.75494835006358
AURORA,AURORA,0.003143101214354139,205,214,215,100.0,100.0,567.90587383,650.75499405,3.27102804,14.48598131,45.79439252,36.44859813,6.04651163,22.3255814,36.74418605,34.88372093,229,236.0,233,232,242,242,100.0,100.0,100.0,100.0,202.960585538051,205.033723750244,218.08628926,213.32093223,12.8755364806867,16.3090128755365,5.60344827586207,37.5,10.33057851,26.44628099,2.89256198,41.73553719,213,202.0,217,217,200,200,100.0,100.0,99.00990099009901,99.00990099009901,243.009633989752,248.879447737426,265.31553,259.730815,38.2488479262673,4.60829493087558,19.3548387096774,12.9032258064516,20.5,10.5,11.5,21.5,99.0,4.78029217016849
BAIXIO,BAIXIO,0.005465514308287649,36,36,36,100.0,100.0,681.53122222,765.66916087,0.0,0.0,5.55555556,94.44444444,0.0,0.0,11.11111111,88.88888889,60,43.0,60,60,44,44,100.0,100.0,100.0,100.0,255.450727192802,263.814992387194,290.39238636,284.15665909,1.66666666666667,61.6666666666667,0.0,88.3333333333333,0.0,93.18181818,0.0,97.72727273,79,78.0,78,78,78,78,98.73417721518987,98.73417721518987,100.0,100.0,253.503247451655,237.682569335268,248.41792308,251.28894872,25.6410256410256,5.12820512820513,33.3333333333333,11.5384615384615,30.76923077,3.84615385,8.97435897,15.38461538,99.5,4.77567558196393
BANABUIU,BANABUIU,0.004145731505321145,244,248,249,100.0,100.0,599.70025,670.62378992,2.01612903,4.83870968,40.32258065,52.82258065,7.63052209,16.06425703,33.73493976,42.57028112,232,182.0,230,232,191,191,99.13793103448276,100.0,100.0,100.0,234.6371219649,226.927949137145,245.14279581,237.50365445,3.91304347826087,42.6086956521739,3.87931034482759,53.448275862069,3.66492147,45.54973822,1.57068063,59.68586387,282,257.0,280,280,255,255,99.29078014184397,99.29078014184397,99.22178988326849,99.22178988326849,257.083854503638,255.142150615829,271.20624706,253.80078824,34.2857142857143,11.7857142857143,17.5,20.3571428571429,27.45098039,20.0,17.25490196,23.52941176,98.7,4.98790558109877
BARBALHA,BARBALHA,0.004795605486845432,669,692,692,100.0,100.0,620.68863295,712.50352527,1.44508671,5.20231214,15.31791908,78.03468208,5.63583815,8.09248555,20.0867052,66.1849711,727,776.0,743,742,788,788,100.0,100.0,100.0,100.0,223.87712674399,220.911427903169,239.72636827,234.1497868,6.72947510094213,32.1668909825034,4.04312668463612,48.5175202156334,5.20304569,45.93908629,2.41116751,57.99492386,808,691.0,816,817,701,701,100.0,100.0,100.0,100.0,252.77746282283,247.957231983133,258.14682311,253.43634665,35.906862745098,11.6421568627451,19.094247246022,17.1358629130967,26.81883024,11.84022825,14.69329529,16.11982882,100.0,5.03651088855307
BARREIRA,BARREIRA,0.006665236930001005,267,275,276,100.0,100.0,638.34368727,745.48868261,0.36363636,2.18181818,13.45454545,84.0,1.44927536,3.62318841,16.30434783,78.62318841,307,267.0,313,313,271,270,100.0,100.0,100.0,100.0,247.597722874104,235.526638140864,254.95338007,242.1915,2.23642172523962,53.0351437699681,1.91693290734824,62.9392971246006,2.58302583,56.82656827,1.11111111,64.81481481,296,253.0,294,294,248,248,99.32432432432432,99.32432432432432,98.02371541501977,98.02371541501977,250.20827553763,255.738130526136,255.02125806,253.6331129,34.0136054421769,6.46258503401361,15.6462585034014,19.3877551020408,27.01612903,5.64516129,18.14516129,20.16129032,99.9,4.9615718088086
BARRO,BARRO,0.0007802214248897538,190,192,192,100.0,100.0,509.64070833,582.41319373,9.89583333,34.89583333,40.625,14.58333333,23.95833333,29.6875,35.9375,10.41666667,248,254.0,252,252,258,259,100.0,100.0,100.0,100.0,213.255696012708,214.582803537957,223.15877132,219.08647104,5.95238095238095,20.2380952380952,5.15873015873016,44.8412698412698,8.13953488,30.23255814,1.93050193,48.26254826,196,211.0,199,199,213,213,100.0,100.0,100.0,100.0,249.256589207803,255.445889801162,261.89177934,264.93916432,36.6834170854271,7.03517587939699,13.0653266331658,19.5979899497487,19.71830986,5.63380282,10.3286385,27.69953052,100.0,4.92548128631702
BARROQUINHA,BARROQUINHA,0.006605162400443742,229,230,230,100.0,100.0,652.63836957,778.67082202,0.86956522,0.0,3.91304348,95.2173913,0.86956522,0.43478261,4.7826087,93.91304348,230,205.0,231,231,206,206,100.0,100.0,100.0,100.0,294.211412692478,275.181871742749,284.83326699,259.29747573,0.0,80.5194805194805,0.432900432900433,85.2813852813853,0.48543689,79.61165049,0.48543689,81.55339806,213,232.0,215,215,232,232,100.0,100.0,100.0,100.0,272.438803032532,275.491222596667,289.54976293,278.88385345,20.0,19.0697674418605,6.97674418604651,33.4883720930233,11.63793103,30.60344828,5.60344828,36.63793103,99.9,4.72982724662463
BATURITE,BATURITE,0.004450464604473362,343,352,351,100.0,100.0,600.19277273,682.64331222,0.56818182,5.68181818,33.80681818,59.94318182,2.56410256,15.0997151,39.31623932,43.01994302,357,359.0,362,362,362,362,100.0,100.0,100.0,100.0,215.364096454679,214.152574414124,228.68423481,230.16517956,7.4585635359116,24.8618784530387,2.76243093922652,44.1988950276243,6.35359116,34.53038674,1.38121547,56.90607735,469,381.0,477,477,386,386,100.0,100.0,100.0,100.0,233.40391157933,238.904479355997,248.70448964,255.65787306,48.8469601677149,3.56394129979036,24.9475890985325,10.9014675052411,32.38341969,5.44041451,12.95336788,17.61658031,99.8,4.84326390437519
BEBERIBE,BEBERIBE,0.0027527103914695835,664,674,674,100.0,100.0,561.71210237,645.64692338,4.00593472,16.61721068,44.21364985,35.16320475,8.30860534,22.55192878,38.87240356,30.26706231,633,652.0,647,647,667,667,100.0,100.0,100.0,100.0,228.226661158203,225.995014675574,236.9985952,232.49129895,3.86398763523957,34.0030911901082,2.16383307573416,55.6414219474498,3.29835082,40.92953523,1.49925037,58.92053973,635,661.0,644,644,671,671,100.0,100.0,100.0,100.0,258.730330273649,264.923916424283,264.84694486,270.63627422,26.8633540372671,8.38509316770186,10.4037267080745,23.9130434782609,22.05663189,10.87928465,9.38897168,29.95529061,96.39999999999999,5.15285304328427
BELA CRUZ,BELA CRUZ,0.007028725936730145,277,283,283,100.0,100.0,659.1010636,779.54448872,0.35335689,1.06007067,3.18021201,95.40636042,0.0,1.06007067,5.30035336,93.63957597,259,290.0,271,271,293,293,100.0,100.0,100.0,100.0,271.452742909497,264.037854906379,284.46179522,280.0623959,1.4760147601476,68.6346863468635,0.738007380073801,79.7047970479705,0.34129693,74.06143345,0.34129693,88.73720137,354,339.0,357,357,332,332,100.0,100.0,97.93510324483776,97.93510324483776,292.461604634419,285.394075761171,298.31153614,278.2177259,12.3249299719888,29.9719887955182,4.20168067226891,44.2577030812325,16.26506024,39.75903614,10.84337349,41.56626506,99.8,4.76365151350506
BOA VIAGEM,BOA VIAGEM,0.004904151718208647,515,521,522,100.0,100.0,631.32209405,725.51731057,0.38387716,2.11132438,21.30518234,76.19961612,1.72413793,6.1302682,23.18007663,68.96551724,689,539.0,690,689,542,541,100.0,100.0,100.0,100.0,228.000183519249,220.178232848538,250.14160369,234.43607024,4.78260869565217,33.6231884057971,3.33817126269956,47.8955007256894,3.50553506,54.05904059,1.29390018,60.07393715,590,571.0,583,583,570,570,98.8135593220339,98.8135593220339,99.82486865148861,99.82486865148861,244.325781383285,250.612766584137,275.72282807,267.6397,41.5094339622642,8.06174957118353,18.52487135506,19.2109777015437,18.94736842,22.10526316,10.0,26.49122807,98.4,4.87391711313295
BREJO SANTO,BREJO SANTO,0.006197897290054453,510,510,510,100.0,100.0,640.01413529,734.63998595,0.39215686,1.96078431,14.70588235,82.94117647,0.78431373,2.94117647,26.2745098,70.0,496,492.0,508,508,498,498,100.0,100.0,100.0,100.0,233.829271447051,219.652781235936,262.80184538,244.54437149,4.13385826771654,39.3700787401575,2.36220472440945,46.0629921259843,1.20481928,62.85140562,0.40160643,68.6746988,503,572.0,511,511,566,575,100.0,100.0,98.95104895104895,100.0,286.74521519852,274.951565663606,298.2085371,277.35582957,13.5029354207436,25.0489236790607,5.67514677103718,30.1369863013699,8.83392226,36.04240283,5.2173913,33.56521739,99.5,5.01761107801461
CAMOCIM,CAMOCIM,0.006185054508108814,659,683,683,100.0,100.0,638.78859883,749.96865657,0.14641288,1.9033675,15.37335286,82.57686676,0.73206442,4.39238653,14.64128843,80.23426061,730,730.0,744,744,743,743,100.0,100.0,100.0,100.0,263.08734487459,250.528005141901,265.6558638,256.33740377,2.68817204301075,60.6182795698925,1.34408602150538,69.6236559139785,1.88425303,66.3526245,0.53835801,75.23553163,798,529.0,807,807,544,544,100.0,100.0,100.0,100.0,272.332125490075,272.735416502234,269.8252261,273.23761213,19.0830235439901,16.6047087980173,6.81536555142503,30.2354399008674,21.50735294,16.17647059,9.19117647,32.35294118,98.9,4.91416917583812
CAMPOS SALES,CAMPOS SALES,0.004795786295103807,237,240,238,100.0,100.0,607.21897917,696.86314525,2.5,9.16666667,24.16666667,64.16666667,5.04201681,11.76470588,24.3697479,58.82352941,267,272.0,274,274,278,278,100.0,100.0,100.0,100.0,241.563740046211,234.027230239499,251.6339964,237.71872662,3.28467153284672,45.2554744525547,3.64963503649635,60.2189781021898,3.5971223,55.75539568,1.07913669,62.94964029,326,293.0,329,329,297,297,100.0,100.0,100.0,100.0,256.340734231373,263.488665099883,256.27915152,254.52097643,31.0030395136778,8.20668693009119,12.7659574468085,26.1398176291793,30.3030303,13.46801347,17.17171717,22.22222222,98.8,4.9077045988647
CANINDE,CANINDE,0.006456704283152542,811,818,819,100.0,100.0,641.31079095,736.63434913,0.61124694,2.44498778,9.65770171,87.28606357,0.97680098,3.41880342,22.83272283,72.77167277,902,861.0,911,911,873,873,100.0,100.0,100.0,100.0,267.87967230346,250.628450179178,265.89902749,250.74698969,1.7563117453348,63.6663007683864,0.987925356750823,70.5817782656422,1.71821306,62.88659794,1.03092784,70.4467354,997,976.0,1001,1002,977,977,100.0,100.0,100.0,100.0,284.984236203329,276.299346359893,281.1186868,269.77751075,18.4815184815185,26.973026973027,6.58682634730539,36.2275449101796,16.17195496,24.87205732,9.9283521,29.78505629,99.6,4.9485060830961
CAPISTRANO,CAPISTRANO,0.005252530274547208,182,183,184,100.0,100.0,618.52729508,720.19797509,1.63934426,2.18579235,24.59016393,71.58469945,2.7173913,4.34782609,28.26086957,64.67391304,180,189.0,179,179,192,192,99.44444444444444,99.44444444444444,100.0,100.0,234.784766018262,227.956845163803,246.63284375,242.25009896,5.02793296089386,43.0167597765363,2.23463687150838,55.3072625698324,2.08333333,52.60416667,0.52083333,64.58333333,256,206.0,260,260,212,212,100.0,100.0,100.0,100.0,240.644504719423,252.724647741408,246.87208491,256.52019811,43.0769230769231,5.76923076923077,16.9230769230769,18.0769230769231,36.79245283,8.96226415,15.56603774,18.86792453,99.8,4.7286180624277
CARIDADE,CARIDADE,0.006362348157289047,189,197,197,100.0,100.0,657.92312183,787.79268352,0.0,0.0,3.04568528,96.95431472,0.0,0.50761421,2.53807107,96.95431472,241,235.0,245,245,237,237,100.0,100.0,100.0,100.0,308.190549628188,275.017135439809,307.4603038,286.37264557,0.408163265306122,93.469387755102,0.0,92.6530612244898,0.84388186,94.092827,0.42194093,93.67088608,261,241.0,262,262,242,242,100.0,100.0,100.0,100.0,316.060044501373,287.033654593278,334.88413636,297.53663223,5.34351145038168,49.618320610687,1.14503816793893,32.0610687022901,5.37190083,72.72727273,3.30578512,54.95867769,99.2,4.63048796393527
CARIRE,CARIRE,0.006709367173599979,207,212,212,100.0,100.0,661.21492925,795.46809391,0.0,0.0,0.94339623,99.05660377,0.0,0.94339623,0.94339623,98.11320755,202,188.0,204,204,189,189,100.0,100.0,100.0,100.0,321.133731212725,290.72168978618,319.86707937,299.53844974,0.0,96.5686274509804,0.0,90.6862745098039,0.52910053,96.82539683,0.0,98.41269841,208,220.0,208,208,223,223,100.0,100.0,100.0,100.0,364.335595885384,326.989735686732,376.85826906,328.09703587,1.92307692307692,82.6923076923077,1.92307692307692,79.8076923076923,0.44843049,95.96412556,0.44843049,84.75336323,100.0,4.53969952854406
CARIRIACU,CARIRIACU,0.0056210139929518035,342,351,351,100.0,100.0,600.19221368,686.05649052,1.99430199,8.83190883,30.76923077,58.4045584,3.98860399,12.82051282,33.9031339,49.28774929,361,370.0,370,370,368,368,100.0,100.0,99.45945945945947,99.45945945945947,234.407099572072,225.64972469067,238.18573913,234.86959511,5.67567567567568,41.0810810810811,3.24324324324324,52.972972972973,4.89130435,42.11956522,1.08695652,58.42391304,394,363.0,392,392,364,364,99.49238578680203,99.49238578680203,100.0,100.0,251.785114074764,256.660130648428,264.50956868,262.10738736,33.4183673469388,8.92857142857143,13.7755102040816,22.1938775510204,26.37362637,12.63736264,10.71428571,23.62637363,99.0,4.97364136416599
CARIUS,CARIUS,0.005009081643302105,169,167,167,98.81656804733728,98.81656804733728,628.12684431,717.82097315,0.5988024,1.79640719,25.74850299,71.85628743,0.5988024,4.19161677,34.73053892,60.47904192,201,178.0,207,207,179,179,100.0,100.0,100.0,100.0,262.588751671547,244.570774939314,275.54262011,258.17563687,1.93236714975845,62.8019323671498,1.44927536231884,70.5314009661836,0.0,74.8603352,0.0,80.44692737,137,175.0,138,138,176,176,100.0,100.0,100.0,100.0,264.83473208101,265.081182224918,286.06056818,279.49032955,28.9855072463768,20.2898550724638,12.3188405797101,21.7391304347826,17.04545455,25.56818182,9.09090909,39.77272727,99.7,4.93523977324889
CARNAUBAL,CARNAUBAL,0.007089103393652575,228,231,231,100.0,100.0,619.15967532,706.12406306,0.0,6.06060606,25.97402597,67.96536797,4.32900433,11.68831169,24.67532468,59.30735931,216,216.0,216,216,219,219,100.0,100.0,100.0,100.0,247.251928397099,246.408687504006,246.92545662,250.61900913,1.38888888888889,51.3888888888889,1.85185185185185,67.1296296296296,5.47945205,52.96803653,0.91324201,70.3196347,245,283.0,246,247,283,283,100.0,100.0,100.0,100.0,258.557613751133,268.967264731557,277.51626855,272.52230035,26.4227642276423,9.34959349593496,13.3603238866397,30.3643724696356,16.96113074,16.25441696,6.00706714,29.32862191,99.5,4.88282499387695
CASCAVEL,CASCAVEL,0.004675423256241181,914,929,931,100.0,100.0,597.61006566,669.30002847,1.6146394,8.18083961,34.44564047,55.75888052,5.58539205,14.1783029,39.20515575,41.0311493,823,914.0,836,836,934,934,100.0,100.0,100.0,100.0,253.096287202537,239.323421612177,247.87973126,234.67302248,3.22966507177033,55.9808612440191,1.07655502392344,63.6363636363636,3.21199143,50.53533191,1.49892934,60.06423983,890,857.0,902,902,874,875,100.0,100.0,100.0,100.0,264.008650963419,267.318612653942,265.09282151,268.69006286,26.0532150776053,15.0776053215078,12.5277161862528,29.2682926829268,23.22654462,14.64530892,9.82857143,29.82857143,99.2,5.09738179549591
CATARINA,CATARINA,0.003521525708759682,98,100,100,100.0,100.0,611.22961,685.1639214,1.0,6.0,24.0,69.0,3.0,9.0,48.0,40.0,115,123.0,120,120,120,120,100.0,100.0,97.5609756097561,97.5609756097561,228.523614987775,212.060222179062,251.3262,221.52295,6.66666666666667,36.6666666666667,5.83333333333333,44.1666666666667,0.83333333,54.16666667,0.83333333,46.66666667,106,139.0,109,109,141,141,100.0,100.0,100.0,100.0,253.486903179414,249.971696830811,240.62384397,239.80011348,26.605504587156,4.58715596330275,20.1834862385321,15.5963302752294,39.71631206,4.96453901,23.40425532,11.34751773,99.7,4.94216137546616
CATUNDA,CATUNDA,0.006323903181758968,91,93,93,100.0,100.0,655.40983871,794.54524393,0.0,1.07526882,0.0,98.92473118,0.0,0.0,0.0,100.0,127,141.0,130,130,146,146,100.0,100.0,100.0,100.0,314.208843488327,292.189697505686,296.48589041,270.10323973,0.769230769230769,96.9230769230769,0.769230769230769,96.1538461538462,0.0,90.4109589,0.68493151,89.04109589,131,111.0,131,131,111,111,100.0,100.0,100.0,100.0,376.066045174859,299.082751565367,343.25196396,300.5253964,0.763358778625954,93.8931297709924,2.29007633587786,50.381679389313,4.5045045,78.37837838,1.8018018,55.85585586,100.0,4.99189892055671
CAUCAIA,CAUCAIA,0.002568914416450772,3662,3705,3714,100.0,100.0,549.56884184,627.51963597,5.07422402,20.53981107,44.77732794,29.60863698,11.95476575,24.07108239,39.4722671,24.50188476,3827,3618.0,3847,3847,3658,3658,100.0,100.0,100.0,100.0,206.029255835014,208.112947484887,213.2930594,215.40660812,8.94203275279438,16.6103457239407,4.78294775149467,39.0953990122173,9.04866047,23.31875342,2.81574631,43.32968835,4143,4172.0,4088,4089,4169,4170,98.67245957035963,98.69659666908038,99.928092042186,99.95206136145734,236.226568413775,244.832252321605,236.99477477,245.67987506,44.8874755381605,2.91095890410959,20.542920029347,13.9887503056982,41.80858719,3.31014632,20.28776978,15.68345324,98.2,5.00577153798088
CEDRO,CEDRO,0.00618619783854002,188,190,190,100.0,100.0,656.78269474,761.83252196,0.0,0.0,2.10526316,97.89473684,1.05263158,3.15789474,8.94736842,86.84210526,187,229.0,192,192,233,233,100.0,100.0,100.0,100.0,281.067489182729,256.789374682378,295.16507296,261.24348069,0.0,80.2083333333333,0.520833333333333,78.125,0.0,90.98712446,0.42918455,78.54077253,346,256.0,348,348,257,257,100.0,100.0,100.0,100.0,276.443285576812,269.702912778462,292.24419844,270.89090661,18.9655172413793,20.1149425287356,8.62068965517241,28.735632183908,11.28404669,25.68093385,6.61478599,27.23735409,99.7,4.88414260699301
CHAVAL,CHAVAL,0.003537809281522427,164,166,166,100.0,100.0,607.93733133,699.59743064,1.20481928,5.42168675,31.92771084,61.44578313,1.80722892,10.24096386,32.53012048,55.42168675,182,176.0,187,187,178,178,100.0,100.0,100.0,100.0,229.595397970912,230.436224156969,232.42762921,226.05462921,2.13903743315508,36.3636363636364,2.13903743315508,58.2887700534759,4.49438202,42.13483146,0.0,53.93258427,172,166.0,171,171,167,167,99.4186046511628,99.4186046511628,100.0,100.0,257.532828126361,260.473055483222,265.76176048,266.2389521,29.8245614035088,11.1111111111111,11.1111111111111,18.7134502923977,21.55688623,11.37724551,8.38323353,23.95209581,98.9,4.73941026917356
CHORO,CHORO,0.006666348479169615,162,163,163,100.0,100.0,667.20235583,789.94534807,0.0,0.0,1.8404908,98.1595092,0.0,0.0,2.45398773,97.54601227,169,149.0,171,171,152,152,100.0,100.0,100.0,100.0,287.446524916192,256.148687870063,299.77972368,265.225625,0.584795321637427,80.7017543859649,0.0,77.7777777777778,0.0,90.13157895,0.0,80.26315789,175,167.0,177,176,168,168,100.0,100.0,100.0,100.0,247.003961751052,262.162150141435,271.57179167,264.70396429,38.4180790960452,7.90960451977401,13.0681818181818,20.4545454545455,19.64285714,17.85714286,8.92857143,25.5952381,99.8,4.65801953065063
CHOROZINHO,CHOROZINHO,0.006768322802776697,229,237,237,100.0,100.0,665.73921097,780.15510539,0.0,0.42194093,1.68776371,97.89029536,0.0,1.26582278,5.48523207,93.24894515,267,250.0,266,266,257,257,99.625468164794,99.625468164794,100.0,100.0,280.325774309048,270.115968069302,288.54232296,274.57659144,1.12781954887218,76.6917293233083,0.37593984962406,85.3383458646616,0.38910506,83.26848249,0.38910506,89.10505837,227,222.0,227,227,223,223,100.0,100.0,100.0,100.0,276.804975991288,284.509460589924,287.57461883,284.70779821,17.6211453744493,19.3832599118943,3.52422907488987,36.5638766519824,9.41704036,17.04035874,1.79372197,36.77130045,97.2,5.06476590021513
COREAU,COREAU,0.006679104770881811,276,277,276,100.0,100.0,669.82166426,801.8411242,0.0,0.0,0.72202166,99.27797834,0.0,0.0,0.72463768,99.27536232,241,218.0,244,244,219,219,100.0,100.0,100.0,100.0,342.339954975142,316.085911403017,340.58153425,324.65257991,0.0,99.1803278688525,0.0,99.5901639344262,0.0,100.0,0.0,99.08675799,273,274.0,274,274,281,281,100.0,100.0,100.0,100.0,364.840135476252,309.219030002864,377.41894662,318.74831317,2.55474452554745,85.036496350365,2.91970802919708,63.8686131386861,1.42348754,94.30604982,1.42348754,83.27402135,100.0,4.3121833603543
CRATEUS,CRATEUS,0.006887534147991481,682,699,699,100.0,100.0,657.10338913,759.56978099,0.14306152,0.14306152,6.00858369,93.70529328,0.57224607,1.28755365,14.02002861,84.12017167,759,718.0,775,775,732,732,100.0,100.0,100.0,100.0,268.753678041826,254.923646693155,284.33236749,268.41796175,2.19354838709677,68.0,1.29032258064516,73.0322580645161,1.09289617,75.95628415,0.40983607,83.19672131,855,810.0,858,858,825,825,100.0,100.0,100.0,100.0,284.497471427232,270.000462385953,295.64859394,280.78806788,20.8624708624709,29.8368298368298,11.4219114219114,31.002331002331,17.09090909,40.96969697,9.6969697,43.51515152,99.5,4.95830111434916
CRATO,CRATO,0.006105857306532382,1088,1104,1105,100.0,100.0,647.25496014,769.54048812,0.36231884,0.81521739,9.87318841,88.94927536,0.45248869,1.80995475,9.86425339,87.87330317,1185,1227.0,1203,1203,1246,1247,100.0,100.0,100.0,100.0,267.732535220605,263.67907264637,276.65216051,272.64529431,1.82876142975894,64.9210307564422,0.831255195344971,78.4704904405653,1.60513644,71.10754414,0.32076985,83.23977546,1519,1378.0,1529,1529,1399,1398,100.0,100.0,100.0,100.0,272.259890329895,275.966976693771,275.45087991,273.68990629,23.8064094179202,20.6017004578156,7.25964682799215,32.8319162851537,21.30092924,23.2308792,8.58369099,34.26323319,99.9,5.00287365665265
CROATA,CROATA,0.006622763059563303,220,229,229,100.0,100.0,665.666131,795.01436528,0.0,0.43668122,0.87336245,98.68995633,0.0,0.87336245,0.87336245,98.25327511,259,267.0,263,263,270,270,100.0,100.0,100.0,100.0,315.619332131546,292.534929318936,321.18101852,301.56242222,0.380228136882129,94.6768060836502,0.380228136882129,95.8174904942966,0.37037037,97.03703704,0.0,97.03703704,290,257.0,291,291,259,259,100.0,100.0,100.0,100.0,289.152634821996,295.529398306445,310.60571042,297.74167181,13.4020618556701,26.4604810996564,4.46735395189003,53.2646048109966,11.96911197,50.96525097,5.01930502,55.21235521,99.8,4.72625468594
CRUZ,CRUZ,0.006389639646431769,452,468,468,100.0,100.0,642.77260684,779.01895303,0.0,1.28205128,17.52136752,81.1965812,0.21367521,1.28205128,7.90598291,90.5982906,465,436.0,483,483,451,451,100.0,100.0,100.0,100.0,302.207585716457,283.697513308592,313.6598204,295.84607095,1.0351966873706,85.3002070393375,0.0,90.6832298136646,0.44345898,94.23503326,0.0,95.78713969,439,409.0,456,456,424,424,100.0,100.0,100.0,100.0,329.773243766076,310.78839323413,347.33958019,312.44590802,3.7280701754386,61.8421052631579,2.63157894736842,67.3245614035088,2.59433962,75.23584906,0.47169811,66.74528302,100.0,5.19121155889307
DEPUTADO IRAPUAN PINHEIRO,DEPUTADO IRAPUAN PINHEIRO,0.006584225405136099,89,91,91,100.0,100.0,654.75398901,774.30274135,0.0,0.0,4.3956044,95.6043956,1.0989011,0.0,8.79120879,90.10989011,92,75.0,94,94,76,76,100.0,100.0,100.0,100.0,349.505251558241,321.202631616406,338.91201316,281.24227632,0.0,98.936170212766,0.0,98.936170212766,0.0,100.0,0.0,100.0,134,126.0,137,137,129,129,100.0,100.0,100.0,100.0,375.601543928711,345.551260962152,379.88595349,316.63905426,1.45985401459854,97.8102189781022,0.72992700729927,93.4306569343066,0.0,98.4496124,0.7751938,67.44186047,99.9,4.94191161119299
ERERE,ERERE,0.005837941219336028,79,78,78,98.73417721518987,98.73417721518987,669.18707692,781.49265819,0.0,0.0,0.0,100.0,0.0,3.84615385,2.56410256,93.58974359,81,91.0,81,81,89,89,100.0,100.0,97.8021978021978,97.8021978021978,301.973698443688,267.796254531452,298.18910112,297.10193258,1.23456790123457,90.1234567901235,1.23456790123457,91.358024691358,0.0,85.39325843,0.0,94.38202247,88,67.0,90,90,67,67,100.0,100.0,100.0,100.0,267.871729525114,259.073614734233,285.9068806,273.83553731,25.5555555555556,21.1111111111111,16.6666666666667,22.2222222222222,10.44776119,20.89552239,4.47761194,32.8358209,99.0,5.22708627561895
EUSEBIO,EUSEBIO,0.004913444730708378,920,923,923,100.0,100.0,618.36132611,713.52946329,0.10834236,3.46695558,28.06067172,68.36403034,0.86673889,4.98374865,32.06933911,62.08017335,932,979.0,946,946,993,993,100.0,100.0,100.0,100.0,257.502083618272,244.919809364068,264.11645821,248.60425277,1.90274841437632,58.5623678646934,1.58562367864693,68.816067653277,1.40986908,64.65256798,0.3021148,70.99697885,1075,1059.0,1092,1092,1067,1067,100.0,100.0,100.0,100.0,270.019908757817,271.389280495892,263.74478913,267.34600562,23.8095238095238,16.5750915750916,9.24908424908425,28.6630036630037,23.99250234,9.9343955,9.74695408,28.95970009,99.9,5.5469473042193
FARIAS BRITO,FARIAS BRITO,0.007306025787036422,164,172,172,100.0,100.0,662.41909302,774.71677871,0.58139535,0.0,4.06976744,95.34883721,0.0,0.0,6.39534884,93.60465116,229,226.0,230,230,231,231,100.0,100.0,100.0,100.0,299.772283207353,282.37768215467,292.65150649,264.72748918,0.0,87.3913043478261,0.0,93.4782608695652,0.0,86.58008658,0.0,85.28138528,242,221.0,248,248,227,227,100.0,100.0,100.0,100.0,281.378347924245,270.082667761064,299.90451982,289.30796916,19.3548387096774,27.4193548387097,8.46774193548387,26.6129032258065,12.7753304,40.52863436,4.40528634,46.25550661,99.7,4.95379708191763
FORQUILHA,FORQUILHA,0.006942746919413467,223,224,224,100.0,100.0,663.12047321,794.25918613,0.0,0.0,0.44642857,99.55357143,0.0,0.0,2.67857143,97.32142857,176,248.0,177,177,253,253,100.0,100.0,100.0,100.0,342.575321497009,318.48133848459,326.04235573,309.20252569,0.0,98.8700564971751,0.0,99.4350282485876,0.0,97.6284585,0.0,99.60474308,250,258.0,252,252,260,260,100.0,100.0,100.0,100.0,371.767871427406,325.180201185752,374.49419615,325.89312692,0.396825396825397,94.0476190476191,1.19047619047619,77.7777777777778,0.38461538,95.0,0.0,83.84615385,100.0,4.8770048898468
FORTALEZA,FORTALEZA,0.0029955850117919375,16162,16536,16555,100.0,100.0,555.23926869,650.13239964,4.60812772,19.49080793,42.68867925,33.2123851,9.65871338,19.74025974,35.602537,34.99848988,17602,17444.0,17961,17959,17838,17846,100.0,100.0,100.0,100.0,216.619242985809,226.698442087167,221.7049557,228.06464288,5.55648349201047,23.3728634263126,2.67832284648366,54.0397572247898,6.8617558,28.93261576,2.30864059,55.02633643,21274,20066.0,21385,21386,20120,20120,100.0,100.0,100.0,100.0,243.266084355737,257.859599828276,245.60149578,254.88112097,38.6064998830956,4.74164133738602,15.2155615823436,22.1219489385579,34.21471173,4.89562624,15.52683897,19.57753479,99.4,5.1174096334925
FORTIM,FORTIM,0.006411829736395569,215,218,216,100.0,100.0,614.02500917,738.34379199,1.37614679,7.33944954,17.88990826,73.39449541,0.92592593,6.48148148,18.98148148,73.61111111,187,199.0,190,190,199,199,100.0,100.0,100.0,100.0,298.26621041989,279.436185739611,278.84110553,263.74074372,0.0,87.8947368421053,0.0,90.5263157894737,0.0,76.88442211,0.0,79.39698492,205,233.0,204,204,231,231,99.51219512195122,99.51219512195122,99.14163090128756,99.14163090128756,295.880738808605,295.511222639102,306.28285714,297.34323377,9.31372549019608,33.8235294117647,3.43137254901961,53.921568627451,5.19480519,41.99134199,3.03030303,51.94805195,98.9,5.33905078581991
FRECHEIRINHA,FRECHEIRINHA,0.006535163357027073,211,216,215,100.0,100.0,649.45941667,777.47772904,0.0,0.92592593,7.40740741,91.66666667,0.46511628,0.46511628,6.04651163,93.02325581,211,222.0,211,211,220,220,100.0,100.0,99.09909909909909,99.09909909909909,316.666993703429,295.478082887037,283.61744091,264.36374091,0.0,93.3649289099526,0.0,94.3127962085308,1.81818182,77.72727273,0.0,80.45454545,203,223.0,204,204,224,224,100.0,100.0,100.0,100.0,299.516662414111,268.034591909771,293.75727679,255.40575446,12.7450980392157,37.2549019607843,11.7647058823529,26.9607843137255,17.85714286,37.05357143,16.07142857,21.875,100.0,4.80980891201913
GENERAL SAMPAIO,GENERAL SAMPAIO,0.005645140105120013,108,108,108,100.0,100.0,654.90815741,773.86039388,0.0,0.0,1.85185185,98.14814815,0.92592593,0.92592593,6.48148148,91.66666667,101,76.0,103,103,77,77,100.0,100.0,100.0,100.0,253.168123266145,234.842392558851,274.68177922,251.07524675,4.85436893203883,52.4271844660194,2.9126213592233,64.0776699029126,2.5974026,68.83116883,0.0,64.93506494,149,109.0,149,149,108,108,100.0,100.0,99.08256880733946,99.08256880733946,266.759838726035,259.294146201907,285.60416667,271.02480556,27.5167785234899,18.1208053691275,13.4228187919463,23.489932885906,19.44444444,28.7037037,7.40740741,26.85185185,99.0,4.78745864062817
GRACA,GRACA,0.006510122386837192,184,174,174,94.56521739130434,94.56521739130434,661.29521264,796.75786003,0.0,0.0,0.57471264,99.42528736,0.0,0.0,2.29885057,97.70114943,182,188.0,184,184,193,193,100.0,100.0,100.0,100.0,309.492320749728,282.621597179447,310.30440415,279.46637824,0.0,96.7391304347826,0.543478260869565,91.8478260869565,0.51813472,92.74611399,0.51813472,91.70984456,220,177.0,220,220,179,179,100.0,100.0,100.0,100.0,314.180910046721,295.025423316043,331.11725698,295.19468715,6.81818181818182,48.6363636363636,2.72727272727273,50.4545454545455,4.46927374,63.12849162,2.23463687,49.16201117,99.6,4.73866258436522
GRANJA,GRANJA,0.0063666437571508055,704,715,714,100.0,100.0,656.37626573,766.52673089,0.13986014,0.97902098,5.03496503,93.84615385,0.56022409,1.12044818,9.24369748,89.07563025,692,652.0,705,705,668,668,100.0,100.0,100.0,100.0,281.132502033579,258.387940584301,294.08924401,274.17577395,1.13475177304965,72.9078014184397,0.567375886524823,76.1702127659574,0.5988024,86.82634731,0.2994012,86.9760479,789,719.0,795,795,723,723,100.0,100.0,100.0,100.0,292.608743685799,275.085231220914,292.28352282,275.09426141,15.2201257861635,34.9685534591195,6.91823899371069,32.8301886792453,12.72475795,33.33333333,6.0857538,31.81189488,98.5,4.49220894315413
GRANJEIRO,GRANJEIRO,0.0069003806342421885,58,58,58,100.0,100.0,637.92056897,732.84411614,0.0,1.72413793,13.79310345,84.48275862,0.0,17.24137931,8.62068966,74.13793103,73,72.0,75,75,73,73,100.0,100.0,100.0,100.0,288.077690277591,261.864581564818,278.19049315,260.74678082,0.0,81.3333333333333,0.0,84.0,0.0,76.71232877,2.73972603,76.71232877,83,81.0,85,85,80,80,100.0,100.0,98.76543209876543,98.76543209876543,309.561298422188,290.137799578619,279.7543375,264.3136125,10.5882352941176,42.3529411764706,0.0,40.0,23.75,30.0,17.5,26.25,98.9,5.04297904692297
GROAIRAS,GROAIRAS,0.006960455174135259,118,113,113,95.76271186440678,95.76271186440678,659.14931858,781.48615304,0.0,0.88495575,0.88495575,98.2300885,0.0,0.0,3.53982301,96.46017699,122,129.0,122,122,127,127,100.0,100.0,98.44961240310077,98.44961240310077,334.960168854419,309.199991587189,325.55517323,308.32333071,0.0,99.1803278688525,0.0,99.1803278688525,0.0,99.21259843,0.0,100.0,121,120.0,121,121,113,114,100.0,100.0,94.16666666666667,95.0,312.99854556577,305.708791159008,284.146,288.11112281,4.95867768595041,42.9752066115703,0.0,58.6776859504132,16.81415929,23.00884956,5.26315789,45.61403509,99.6,5.02874323232047
GUAIUBA,GUAIUBA,0.0026990700993503114,255,259,259,100.0,100.0,604.16355212,674.63536424,3.08880309,5.01930502,30.88803089,61.003861,3.08880309,16.98841699,38.996139,40.92664093,318,282.0,318,318,283,283,100.0,100.0,100.0,100.0,214.408842542977,213.175217057295,234.22836007,233.55069611,7.86163522012579,23.2704402515723,6.60377358490566,42.1383647798742,4.59363958,38.16254417,2.12014134,59.3639576,357,274.0,344,346,276,276,96.35854341736695,96.9187675070028,100.0,100.0,242.74420569498,251.066100433492,253.77358333,260.90297826,40.1162790697674,5.23255813953488,16.4739884393064,16.4739884393064,28.98550725,8.33333333,13.04347826,23.1884058,96.0,4.89719806089909
GUARACIABA DO NORTE,GUARACIABA DO NORTE,0.006361577847399734,605,612,613,100.0,100.0,659.06824346,779.81736457,0.0,0.65359477,2.94117647,96.40522876,0.48939641,0.97879282,2.77324633,95.75856444,561,604.0,566,566,608,608,100.0,100.0,100.0,100.0,299.91153510224,279.649208939066,294.29720066,268.69837007,0.353356890459364,88.6925795053004,0.176678445229682,93.9929328621908,0.49342105,87.82894737,0.0,85.19736842,627,720.0,632,632,723,722,100.0,100.0,100.0,100.0,279.377564765036,276.098790144341,291.546361,277.24834488,26.2658227848101,28.4810126582278,9.81012658227848,33.0696202531646,16.87413555,36.37621024,7.47922438,36.28808864,99.1,4.72728886222507
GUARAMIRANGA,GUARAMIRANGA,0.006835046887721441,71,70,70,98.59154929577466,98.59154929577466,652.81518571,771.88087158,0.0,0.0,7.14285714,92.85714286,0.0,0.0,5.71428571,94.28571429,90,72.0,92,92,73,73,100.0,100.0,100.0,100.0,271.458260499137,264.874780330756,274.81276712,264.39767123,0.0,66.304347826087,0.0,84.7826086956522,0.0,72.60273973,0.0,86.30136986,107,85.0,108,108,87,86,100.0,100.0,100.0,100.0,268.342858481005,271.760025417235,279.70650575,275.16409302,26.8518518518519,17.5925925925926,9.25925925925926,29.6296296296296,16.09195402,29.88505747,3.48837209,24.41860465,100.0,4.97311643256023
HIDROLANDIA,HIDROLANDIA,0.007222008871553267,184,187,187,100.0,100.0,660.08539037,787.8624713,0.0,1.06951872,1.06951872,97.86096257,0.0,0.0,4.81283422,95.18716578,200,214.0,201,201,216,216,100.0,100.0,100.0,100.0,301.983602209909,271.890026079417,301.30719444,279.21918519,0.0,91.5422885572139,0.0,90.0497512437811,0.46296296,91.66666667,0.46296296,90.74074074,270,235.0,272,272,237,237,100.0,100.0,100.0,100.0,267.358872373991,264.04617954474,292.26942616,271.00797046,22.4264705882353,13.6029411764706,11.3970588235294,21.6911764705882,13.5021097,30.37974684,8.01687764,29.95780591,99.6,4.61108056299858
HORIZONTE,HORIZONTE,0.006917658894803152,866,894,894,100.0,100.0,655.78146868,776.46772341,0.0,0.22371365,6.15212528,93.62416107,0.22371365,0.89485459,8.27740492,90.60402685,926,854.0,948,948,883,883,100.0,100.0,100.0,100.0,264.302437340986,247.569451611791,291.16893998,269.69835108,0.843881856540084,63.9240506329114,1.05485232067511,69.7257383966245,0.33975085,85.73046433,0.11325028,87.54246886,987,958.0,1011,1011,991,991,100.0,100.0,100.0,100.0,263.868315430484,271.914338777899,282.65216347,274.08078002,24.5301681503462,11.2759643916914,8.30860534124629,29.673590504451,13.21897074,22.70433905,7.87083754,29.66700303,99.1,5.2351232055679
IBARETAMA,IBARETAMA,0.005433973549279811,138,142,141,100.0,100.0,583.81838732,625.52899226,1.4084507,9.85915493,45.77464789,42.95774648,12.05673759,24.11347518,41.84397163,21.9858156,134,158.0,136,136,160,160,100.0,100.0,100.0,100.0,202.758972268443,191.773817235578,220.8447125,213.81341875,16.9117647058824,16.9117647058824,9.55882352941176,30.8823529411765,5.625,28.125,4.375,44.375,197,176.0,198,198,177,177,100.0,100.0,100.0,100.0,238.933606379924,240.03248252741,244.26816384,241.916,42.9292929292929,3.03030303030303,25.2525252525253,11.1111111111111,35.59322034,6.77966102,20.33898305,11.86440678,97.5,4.72059777980585
IBIAPINA,IBIAPINA,0.0064297193478445955,303,306,307,100.0,100.0,641.61051961,754.58255134,0.0,2.61437908,14.70588235,82.67973856,0.0,2.93159609,16.61237785,80.45602606,310,341.0,311,311,346,346,100.0,100.0,100.0,100.0,266.687249769226,249.084673220074,264.7490578,258.51349422,2.57234726688103,64.951768488746,1.28617363344051,70.7395498392283,0.57803468,65.31791908,0.0,76.58959538,395,336.0,395,395,345,344,100.0,100.0,100.0,100.0,258.566246487699,256.399887236778,279.55904638,270.57986337,32.1518987341772,13.9240506329114,13.9240506329114,17.9746835443038,23.1884058,31.30434783,13.95348837,31.10465116,99.8,4.9267014127004
IBICUITINGA,IBICUITINGA,0.005110706078838992,139,141,141,100.0,100.0,656.30270922,783.86372014,0.0,0.0,2.12765957,97.87234043,0.0,1.41843972,4.25531915,94.32624113,162,174.0,164,164,175,175,100.0,100.0,100.0,100.0,304.077749824834,290.300506909733,302.69164,287.63050857,0.0,89.6341463414634,0.0,92.6829268292683,1.14285714,85.71428571,0.0,92.0,171,170.0,175,175,172,172,100.0,100.0,100.0,100.0,282.64047184409,275.127330305734,294.82077326,279.20458721,21.7142857142857,28.0,7.42857142857143,32.5714285714286,11.62790698,32.55813953,9.88372093,41.27906977,99.7,5.10982967039859
ICAPUI,ICAPUI,0.005073841734986384,284,283,284,99.64788732394366,100.0,556.68913074,628.7285684,4.59363958,21.20141343,39.57597173,34.62897527,13.38028169,26.4084507,32.3943662,27.81690141,258,261.0,259,259,265,264,100.0,100.0,100.0,100.0,231.75219569694,228.731663848624,241.08720377,232.25336742,4.24710424710425,36.6795366795367,1.93050193050193,56.7567567567568,2.26415094,43.39622642,1.89393939,58.71212121,322,286.0,329,329,286,286,100.0,100.0,100.0,100.0,259.065557417834,266.741853822302,253.41877972,258.00391608,27.355623100304,10.6382978723404,8.81458966565349,25.531914893617,26.22377622,7.69230769,13.63636364,22.72727273,96.39999999999999,5.23884189923708
ICO,ICO,0.0037465386403388993,582,592,592,100.0,100.0,586.487375,650.0398818,2.53378378,10.64189189,33.44594595,53.37837838,6.75675676,22.2972973,38.85135135,32.09459459,666,626.0,681,681,643,643,100.0,100.0,100.0,100.0,231.062552193485,227.098292591598,232.54704339,224.10693779,5.13950073421439,37.5917767988253,3.9647577092511,53.5976505139501,4.04354588,40.27993779,2.33281493,52.41057543,946,553.0,962,962,561,561,100.0,100.0,100.0,100.0,235.97179562377,238.757228850498,248.53945989,247.45193226,46.8814968814969,4.46985446985447,24.5322245322245,12.0582120582121,32.26381462,6.06060606,18.89483066,15.32976827,96.7,4.79491215564888
IGUATU,IGUATU,0.001493696451397483,694,708,711,100.0,100.0,559.92885028,614.82133945,5.79096045,18.6440678,35.59322034,39.97175141,18.56540084,24.05063291,31.08298172,26.30098453,815,798.0,828,827,812,813,100.0,100.0,100.0,100.0,211.682399191045,214.74636947686,219.69384187,218.64775277,8.93719806763285,21.4975845410628,4.83675937122128,45.5864570737606,8.00492611,27.09359606,4.05904059,49.200492,1038,890.0,1055,1055,894,894,100.0,100.0,100.0,100.0,239.266352784937,248.525134741244,246.59583669,250.18662864,42.4644549763033,3.41232227488152,19.0521327014218,15.8293838862559,34.89932886,4.36241611,18.12080537,17.22595078,98.5,5.01690885884531
INDEPENDENCIA,INDEPENDENCIA,0.006342435699316434,223,222,221,99.55156950672645,99.10313901345292,658.36466216,762.85285982,0.0,0.0,3.6036036,96.3963964,0.45248869,1.35746606,10.85972851,87.33031674,252,209.0,252,252,215,215,100.0,100.0,100.0,100.0,316.636556607676,284.900349645897,303.69018605,281.47344186,0.396825396825397,92.4603174603175,0.0,89.6825396825397,0.93023256,88.37209302,0.0,89.76744186,266,231.0,268,268,233,233,100.0,100.0,100.0,100.0,306.812857493511,298.758248819694,309.73559657,295.63399142,11.5671641791045,48.5074626865672,5.22388059701493,57.4626865671642,9.01287554,47.21030043,3.86266094,53.21888412,100.0,4.82453207054326
IPAPORANGA,IPAPORANGA,0.0056620322643177335,136,137,137,100.0,100.0,665.86545255,794.56768995,0.0,0.0,0.72992701,99.27007299,0.0,0.0,1.45985401,98.54014599,162,151.0,163,163,152,152,100.0,100.0,100.0,100.0,316.110053241042,282.718546227532,330.34466447,306.41288158,0.0,91.4110429447853,0.0,94.478527607362,0.0,98.02631579,0.0,100.0,164,138.0,166,166,138,138,100.0,100.0,100.0,100.0,333.785619292418,304.200873509154,335.62448551,302.28807971,4.21686746987952,62.6506024096386,4.21686746987952,62.6506024096386,6.52173913,70.28985507,4.34782609,61.5942029,100.0,4.79652042483262
IPAUMIRIM,IPAUMIRIM,0.005473669450360496,120,121,122,100.0,100.0,655.3648595,734.29809291,0.0,0.0,4.95867769,95.04132231,0.81967213,6.55737705,18.85245902,73.7704918,137,127.0,141,141,129,129,100.0,100.0,100.0,100.0,250.223638553963,240.973604649578,290.30606202,255.45075969,2.83687943262411,53.9007092198582,0.709219858156028,65.2482269503546,0.0,84.49612403,1.5503876,79.06976744,152,173.0,154,154,174,174,100.0,100.0,100.0,100.0,255.080623513397,254.365395661646,294.8553046,270.12835632,33.7662337662338,8.44155844155844,16.2337662337662,19.4805194805195,14.36781609,36.7816092,10.34482759,32.75862069,100.0,4.86741762852133
IPU,IPU,0.006992420854158394,417,422,422,100.0,100.0,612.01570379,716.47221651,4.02843602,5.92417062,17.53554502,72.51184834,1.65876777,8.29383886,28.67298578,61.37440758,448,437.0,446,446,440,440,99.55357142857143,99.55357142857143,100.0,100.0,257.431153630943,247.781774798532,236.81261136,225.36616591,4.26008968609866,61.6591928251121,1.12107623318386,71.0762331838565,6.81818182,43.63636364,2.5,52.5,461,434.0,422,422,432,432,91.54013015184381,91.54013015184381,99.53917050691244,99.53917050691244,265.148982425635,260.261408874286,260.90991435,257.68225926,31.9905213270142,21.3270142180095,14.6919431279621,24.1706161137441,30.55555556,16.43518519,14.81481481,20.13888889,98.2,4.68948244878918
IPUEIRAS,IPUEIRAS,0.006515061852871283,437,457,458,100.0,100.0,659.63519037,786.05794704,0.0,0.0,3.28227571,96.71772429,0.0,0.0,2.83842795,97.16157205,509,434.0,516,516,443,443,100.0,100.0,100.0,100.0,304.583523481365,278.265336472917,304.2878623,265.73703837,0.581395348837209,86.6279069767442,0.387596899224806,86.046511627907,0.22573363,90.29345372,0.22573363,88.03611738,540,518.0,544,544,524,524,100.0,100.0,100.0,100.0,303.727598138089,278.271718262088,357.09620229,310.79992366,17.0955882352941,43.9338235294118,7.53676470588235,37.1323529411765,3.05343511,88.74045802,1.52671756,63.16793893,99.8,4.68700731070294
IRACEMA,IRACEMA,0.006724967198423653,159,161,161,100.0,100.0,646.00032298,768.14854898,0.62111801,1.24223602,6.83229814,91.30434783,0.0,1.24223602,8.07453416,90.68322981,151,118.0,157,157,125,125,100.0,100.0,100.0,100.0,301.073156540635,280.889141639054,278.692688,268.15932,0.0,86.6242038216561,0.636942675159236,90.4458598726115,5.6,76.0,0.0,79.2,176,147.0,180,180,152,152,100.0,100.0,100.0,100.0,300.068613691435,289.549397818788,277.32009211,279.10263816,13.3333333333333,41.6666666666667,2.77777777777778,43.8888888888889,18.42105263,23.02631579,3.94736842,34.86842105,100.0,5.07545699086019
IRAUCUBA,IRAUCUBA,0.0064196716170294155,320,331,331,100.0,100.0,655.09704834,779.04439587,0.0,0.0,5.43806647,94.56193353,0.0,0.90634441,7.55287009,91.5407855,278,297.0,285,285,306,306,100.0,100.0,100.0,100.0,287.536344213983,272.04553657821,302.36172549,281.86654575,0.701754385964912,78.5964912280702,0.350877192982456,90.1754385964912,0.65359477,89.54248366,0.0,91.83006536,368,396.0,371,371,404,404,100.0,100.0,100.0,100.0,320.823084769971,296.86113363399,304.72785149,284.22031436,7.00808625336927,54.177897574124,3.77358490566038,50.6738544474394,11.88118812,43.56435644,5.94059406,46.28712871,99.8,4.82354021631141
ITAICABA,ITAICABA,0.006523746482119142,88,91,91,100.0,100.0,642.40138462,700.06880261,0.0,4.3956044,9.89010989,85.71428571,1.0989011,6.59340659,39.56043956,52.74725275,69,86.0,67,67,85,85,97.10144927536231,97.10144927536231,98.83720930232558,98.83720930232558,259.6390785137,246.971826268609,255.1742,245.37245882,0.0,61.1940298507463,1.49253731343284,73.134328358209,2.35294118,60.0,0.0,64.70588235,115,71.0,111,111,69,69,96.52173913043478,96.52173913043478,97.1830985915493,97.1830985915493,279.531323262806,286.262416366573,281.63853623,274.06801449,15.3153153153153,17.1171171171171,6.30630630630631,42.3423423423423,8.69565217,17.39130435,10.14492754,37.68115942,99.5,5.05652652482677
ITAITINGA,ITAITINGA,0.005118686232250408,723,734,737,100.0,100.0,609.00171253,680.45805974,1.77111717,5.72207084,27.65667575,64.85013624,2.98507463,14.92537313,39.75576662,42.33378562,739,760.0,759,759,790,790,100.0,100.0,100.0,100.0,236.586850925026,229.279946259493,238.51985443,231.57828734,3.03030303030303,40.7114624505929,2.10803689064559,56.3899868247694,4.17721519,43.79746835,1.26582278,56.07594937,719,790.0,725,725,810,810,100.0,100.0,100.0,100.0,248.230283751398,253.422475855678,254.50024568,256.35125062,33.7931034482759,5.6551724137931,17.3793103448276,18.6206896551724,27.90123457,7.28395062,15.43209877,21.60493827,99.8,5.31120159490816
ITAPAJE,ITAPAJE,0.005811924966837672,504,509,511,100.0,100.0,603.77110216,693.1512151,1.17878193,8.84086444,30.4518664,59.52848723,4.69667319,13.3072407,28.962818,53.0332681,603,542.0,610,610,544,544,100.0,100.0,100.0,100.0,246.306874290906,243.026760687399,246.2011489,238.9361636,2.29508196721311,50.0,0.491803278688525,66.5573770491803,1.65441176,48.52941176,0.91911765,59.92647059,676,602.0,678,678,602,602,100.0,100.0,100.0,100.0,263.737677415226,268.340612670596,263.72321761,266.75074252,23.7463126843658,11.7994100294985,10.6194690265487,26.8436578171091,24.08637874,12.62458472,11.29568106,27.90697674,99.8,4.59603149415795
ITAPIPOCA,ITAPIPOCA,0.004565853068002484,1552,1558,1556,100.0,100.0,600.09946277,693.72888742,1.86136072,7.95892169,29.91014121,60.26957638,4.56298201,11.18251928,31.61953728,52.63496144,1636,1745.0,1645,1645,1744,1745,100.0,100.0,99.94269340974212,100.0,240.873985583642,230.78493233302,247.01086709,234.23794195,3.10030395136778,44.9848024316109,1.70212765957447,57.7507598784195,3.09633028,51.37614679,0.74498567,58.56733524,1858,1786.0,1868,1867,1781,1780,100.0,100.0,99.72004479283315,99.66405375139978,266.061257047422,267.654113905344,272.86650197,264.62523708,24.5717344753747,13.8115631691649,8.30208891269416,23.7279057311194,19.7080292,16.28298709,9.71910112,23.93258427,99.9,4.8830646722317
ITAPIUNA,ITAPIUNA,0.0071855926973087274,184,189,189,100.0,100.0,632.51355026,738.71068157,0.52910053,1.58730159,27.51322751,70.37037037,0.0,2.64550265,19.57671958,77.77777778,202,187.0,204,205,194,194,100.0,100.0,100.0,100.0,303.200162445869,282.60416085019,281.07116495,264.07354639,0.490196078431373,91.1764705882353,0.0,90.2439024390244,1.03092784,78.35051546,0.0,80.41237113,241,212.0,244,244,210,210,100.0,100.0,99.05660377358491,99.05660377358491,271.151898744706,263.221071064013,257.77697143,259.39499524,30.327868852459,27.8688524590164,15.5737704918033,27.0491803278689,39.52380952,19.04761905,18.0952381,28.57142857,99.4,4.8511832600384
ITAREMA,ITAREMA,0.004613054367234681,551,511,510,92.74047186932849,92.5589836660617,626.7112818,714.14958903,0.97847358,3.71819961,20.54794521,74.7553816,3.33333333,8.03921569,28.03921569,60.58823529,596,555.0,553,553,493,493,92.78523489932886,92.78523489932886,88.82882882882883,88.82882882882883,250.554314717086,235.420269706243,268.8756998,248.65927992,2.53164556962025,52.0795660036166,0.904159132007233,59.8553345388788,1.21703854,68.15415822,1.21703854,72.00811359,612,532.0,543,543,479,479,88.72549019607843,88.72549019607843,90.0375939849624,90.0375939849624,259.7060156102,260.313384323156,273.1815762,268.86060125,29.6500920810313,11.2338858195212,12.707182320442,21.1786372007366,19.41544885,19.20668058,9.39457203,26.51356994,99.2,4.83390008331777
ITATIRA,ITATIRA,0.006503244201653621,250,262,262,100.0,100.0,666.34937023,785.10894504,0.0,0.0,0.76335878,99.23664122,0.0,0.76335878,2.67175573,96.5648855,268,281.0,273,273,291,291,100.0,100.0,100.0,100.0,324.824764355473,297.051859903175,311.83137457,283.72762199,0.0,96.3369963369963,0.0,97.8021978021978,0.0,95.18900344,0.0,93.12714777,348,381.0,354,354,384,384,100.0,100.0,100.0,100.0,302.737599490549,280.914519354099,296.71473437,274.90268229,14.4067796610169,42.6553672316384,4.23728813559322,35.5932203389831,18.48958333,43.48958333,9.63541667,34.89583333,99.7,4.87982566504524
JAGUARETAMA,JAGUARETAMA,0.0064253045427764,187,189,189,100.0,100.0,648.64628571,763.86417086,0.0,0.52910053,10.58201058,88.88888889,0.52910053,4.76190476,8.99470899,85.71428571,198,172.0,206,206,175,175,100.0,100.0,100.0,100.0,288.887948733259,267.952820016043,293.00066286,279.24643429,0.485436893203884,78.1553398058253,0.0,84.4660194174757,1.14285714,83.42857143,0.0,86.85714286,261,212.0,265,265,213,213,100.0,100.0,100.0,100.0,273.972927074814,272.138726813548,301.66352113,286.2813615,23.7735849056604,23.0188679245283,13.2075471698113,34.7169811320755,14.55399061,41.31455399,7.51173709,44.1314554,98.3,5.17688930904484
JAGUARIBARA,JAGUARIBARA,0.004596552835491919,119,121,121,100.0,100.0,625.82466942,693.92935908,2.47933884,2.47933884,21.48760331,73.55371901,3.30578512,7.43801653,35.53719008,53.71900826,94,119.0,96,96,121,121,100.0,100.0,100.0,100.0,252.655269967594,246.345815136922,278.14599174,269.41980165,2.08333333333333,58.3333333333333,0.0,71.875,2.47933884,77.68595041,0.0,86.7768595,182,145.0,183,183,146,146,100.0,100.0,100.0,100.0,252.936122320073,259.357882617606,263.24765068,269.89208219,30.6010928961749,6.01092896174863,13.1147540983607,22.4043715846995,19.8630137,10.95890411,9.5890411,29.45205479,99.7,5.17571823515769
JAGUARIBE,JAGUARIBE,0.004224425067008647,353,357,357,100.0,100.0,619.19169468,698.69372347,0.84033613,2.80112045,24.92997199,71.42857143,3.36134454,9.24369748,34.73389356,52.66106443,338,373.0,347,347,380,380,100.0,100.0,100.0,100.0,232.141528096218,230.76958249229,264.19588947,251.96807368,3.7463976945245,37.7521613832853,1.72910662824207,56.1959654178674,1.05263158,62.89473684,0.0,71.05263158,471,409.0,480,480,412,412,100.0,100.0,100.0,100.0,255.345881569511,264.836522272004,277.35699515,272.46749515,29.375,8.54166666666667,11.4583333333333,26.6666666666667,17.7184466,17.96116505,9.22330097,30.58252427,99.8,5.06265418743156
JAGUARUANA,JAGUARUANA,0.006627046951416516,310,312,313,100.0,100.0,641.84318269,728.23240638,0.0,1.6025641,12.17948718,86.21794872,1.59744409,3.83386581,29.07348243,65.49520767,332,297.0,342,342,301,301,100.0,100.0,100.0,100.0,239.187643814771,231.998838658476,255.17419934,238.31090698,2.92397660818713,42.6900584795322,1.46198830409357,57.3099415204678,2.3255814,54.15282392,0.33222591,65.7807309,397,285.0,398,398,288,288,100.0,100.0,100.0,100.0,249.275355127112,259.635596217972,269.82039236,270.956875,38.1909547738693,10.0502512562814,14.8241206030151,22.3618090452261,22.91666667,20.13888889,10.06944444,29.86111111,99.5,4.86186576831195
JARDIM,JARDIM,0.003739133445684003,339,343,345,100.0,100.0,590.84425948,641.23058676,2.33236152,10.49562682,38.7755102,48.39650146,11.5942029,19.13043478,39.13043478,30.14492754,300,336.0,303,303,344,344,100.0,100.0,100.0,100.0,220.792292807228,208.455561846349,226.78433721,216.63400581,7.26072607260726,29.042904290429,4.29042904290429,42.2442244224422,5.52325581,29.94186047,3.48837209,45.93023256,475,427.0,471,471,421,421,99.1578947368421,99.1578947368421,98.59484777517564,98.59484777517564,239.632569792347,245.992231410178,238.2483658,229.70849644,42.8874734607219,3.18471337579618,18.6836518046709,14.4373673036093,43.46793349,7.36342043,31.59144893,10.6888361,99.6,4.91160192396474
JATI,JATI,0.0016057544244992739,102,102,102,100.0,100.0,598.37982353,637.90906831,0.98039216,11.76470588,33.33333333,53.92156863,5.88235294,26.47058824,42.15686275,25.49019608,94,104.0,96,96,107,107,100.0,100.0,100.0,100.0,228.557533246961,219.24257217965,229.52862617,212.44574766,0.0,30.2083333333333,3.125,52.0833333333333,4.6728972,40.18691589,1.86915888,39.25233645,118,85.0,118,118,81,81,100.0,100.0,95.29411764705881,95.29411764705881,242.069326800718,251.33404296606,248.58362963,253.12260494,43.2203389830508,4.23728813559322,17.7966101694915,18.6440677966102,35.80246914,3.7037037,18.51851852,12.34567901,99.6,4.75382541409671
JIJOCA DE JERICOACOARA,JIJOCA DE JERICOACOARA,0.006732639959230709,398,420,421,100.0,100.0,662.68132381,785.66770039,0.0,0.0,2.85714286,97.14285714,0.23752969,0.23752969,2.6128266,96.91211401,412,387.0,429,429,399,399,100.0,100.0,100.0,100.0,329.497269516239,295.264434800509,312.56446366,294.52625063,0.0,97.4358974358974,0.0,96.037296037296,0.0,95.4887218,0.0,96.74185464,373,340.0,391,391,351,351,100.0,100.0,100.0,100.0,354.828179018187,328.57793029846,344.0305755,310.62850142,0.51150895140665,83.3759590792839,0.0,86.1892583120205,0.28490028,78.91737892,0.56980057,64.67236467,99.4,5.28259501641965
JUAZEIRO DO NORTE,JUAZEIRO DO NORTE,0.0025961992504553687,2183,2247,2265,100.0,100.0,509.75824522,583.90259336,9.03426791,33.46684468,44.85981308,12.63907432,23.57615894,30.06622517,31.78807947,14.56953642,2509,2420.0,2552,2554,2485,2485,100.0,100.0,100.0,100.0,206.671647653257,211.81765806112,211.35712024,212.68545956,8.89498432601881,16.4576802507837,4.77682067345341,42.443226311668,10.7444668,22.85714286,4.06438632,41.20724346,3007,3010.0,2978,2976,3051,3052,99.03558363817758,98.96907216494846,100.0,100.0,243.688185123365,253.583395182204,245.51589905,252.21364908,39.2545332437878,6.1114842175957,15.7594086021505,17.9435483870968,36.44706654,6.35857096,16.12057667,18.54521625,98.4,5.1629179691373
JUCAS,JUCAS,0.004176978599373215,246,256,256,100.0,100.0,592.31753516,687.07410717,0.78125,6.25,44.53125,48.4375,1.5625,9.375,42.578125,46.484375,251,260.0,261,261,273,273,100.0,100.0,100.0,100.0,265.039859480199,249.896250846127,263.68176923,255.09225275,0.766283524904215,65.9003831417624,0.0,68.9655172413793,3.2967033,67.76556777,2.1978022,78.38827839,316,267.0,320,320,270,270,100.0,100.0,100.0,100.0,280.427033086847,273.706835519788,285.11637407,277.63751852,16.5625,22.5,9.375,32.5,13.33333333,23.7037037,7.03703704,33.7037037,100.0,4.9452730855402
LAVRAS DA MANGABEIRA,LAVRAS DA MANGABEIRA,0.0033549328004205074,284,286,285,100.0,100.0,575.31832517,661.23966452,5.59440559,18.18181818,26.22377622,50.0,11.57894737,14.38596491,31.92982456,42.10526316,277,320.0,276,277,322,322,99.63898916967509,100.0,100.0,100.0,210.836081004626,211.23264339876,225.21418012,217.79278137,7.60869565217391,22.8260869565217,5.77617328519856,44.043321299639,6.21118012,29.8136646,2.79503106,45.34161491,344,311.0,347,347,315,315,100.0,100.0,100.0,100.0,241.242899147995,249.112445135548,250.29365714,252.13196508,38.9048991354467,4.03458213256484,20.7492795389049,18.1556195965418,29.52380952,5.71428571,14.6031746,19.68253968,98.7,4.80639270473847
LIMOEIRO DO NORTE,LIMOEIRO DO NORTE,0.005375798159289497,441,449,449,100.0,100.0,624.52461915,723.2545011,1.3363029,4.89977728,18.04008909,75.72383073,1.78173719,6.45879733,25.83518931,65.92427617,500,466.0,508,509,471,471,100.0,100.0,100.0,100.0,255.056855432416,248.435136855148,269.2587983,257.31201062,1.5748031496063,54.9212598425197,1.17878192534381,71.7092337917485,0.21231423,68.57749469,0.21231423,77.07006369,587,545.0,596,595,551,551,100.0,100.0,100.0,100.0,269.798577523314,271.967418333743,293.00981307,279.85412523,25.0,18.7919463087248,9.41176470588235,31.2605042016807,8.89292196,27.9491833,6.53357532,36.47912886,99.7,5.30422390515312
MADALENA,MADALENA,0.006309249715272938,210,209,209,99.52380952380952,99.52380952380952,643.80617225,768.63797477,0.0,0.0,14.35406699,85.64593301,0.0,0.9569378,10.52631579,88.51674641,252,215.0,257,257,225,225,100.0,100.0,100.0,100.0,271.315369219292,249.887852898396,299.92373778,280.95441777999997,0.778210116731518,67.704280155642,1.16731517509728,75.4863813229572,0.0,89.77777778,0.0,91.11111111,224,206.0,226,226,208,208,100.0,100.0,100.0,100.0,297.29253968888,277.348083982162,296.45999519,275.53560096,18.141592920354,37.1681415929204,7.52212389380531,33.1858407079646,14.90384615,41.34615385,8.65384615,33.17307692,99.9,4.99370241367289
MARACANAU,MARACANAU,0.004154717855532666,2815,2908,2903,100.0,100.0,591.73769979,682.51700694,1.75378267,10.21320495,34.55983494,53.47317744,4.61591457,12.19428178,36.85842232,46.33138133,2423,2739.0,2483,2484,2807,2806,100.0,100.0,100.0,100.0,228.530117642753,234.552001734915,240.33942683,242.74409451,3.94683850181232,34.1119613370922,1.69082125603865,59.7020933977456,3.49127182,44.24652654,1.03349964,66.9280114,3248,3181.0,3295,3293,3246,3246,100.0,100.0,100.0,100.0,246.672445069524,259.806178355311,255.3254655,260.67922982,37.5113808801214,7.19271623672231,13.5135135135135,22.9274218038263,29.69808996,9.27295132,13.86321627,24.92298213,99.6,5.24376583603822
MARANGUAPE,MARANGUAPE,0.0045259400274135185,1126,1127,1130,100.0,100.0,587.88520408,668.09521926,2.57320319,9.40550133,36.20230701,51.81898846,5.13274336,15.75221239,40.97345133,38.14159292,1136,1102.0,1155,1155,1112,1110,100.0,100.0,100.0,100.0,215.297226658089,223.313069757366,224.24836673,226.78496387,5.62770562770563,21.2121212121212,2.77056277056277,49.7835497835498,6.5647482,31.20503597,2.34234234,53.6036036,1230,1171.0,1215,1215,1157,1157,98.78048780487805,98.78048780487805,98.80444064901793,98.80444064901793,247.31288318985,257.388137001853,250.97325583,259.83277787,34.7325102880658,4.93827160493827,15.2263374485597,20.8230452674897,31.02852204,6.48228176,13.48314607,21.60760588,98.8,5.09824925541643
MARCO,MARCO,0.006428260662148095,423,436,435,100.0,100.0,659.41619954,784.01497977,0.0,0.91743119,3.44036697,95.64220183,0.0,0.45977011,3.67816092,95.86206897,392,445.0,400,401,454,454,100.0,100.0,100.0,100.0,291.689274349694,278.792131014672,299.72025991,288.70209251,0.75,82.25,0.748129675810474,90.0249376558604,0.88105727,84.5814978,0.22026432,90.08810573,474,377.0,482,482,389,389,100.0,100.0,100.0,100.0,269.043988516684,263.643387542644,297.53010026,274.77111568,21.7842323651452,14.1078838174274,12.0331950207469,25.7261410788382,11.31105398,34.44730077,8.48329049,35.47557841,99.6,4.69451868422895
MARTINOPOLE,MARTINOPOLE,0.006833625097508394,154,156,156,100.0,100.0,657.58704487,779.76792788,0.0,0.0,0.0,100.0,1.92307692,1.28205128,3.84615385,92.94871795,169,141.0,169,169,142,142,100.0,100.0,100.0,100.0,299.753471411373,276.888762173773,314.23365493,292.11421831,1.18343195266272,89.9408284023669,0.0,88.1656804733728,0.0,94.36619718,0.70422535,91.54929577,196,148.0,196,196,148,148,100.0,100.0,100.0,100.0,322.36674763069,299.504806892188,303.10149324,271.39666216,8.6734693877551,59.1836734693878,3.57142857142857,57.1428571428571,14.18918919,47.2972973,10.13513514,33.78378378,99.4,4.65562674485394
MASSAPE,MASSAPE,0.00629784540276005,434,436,436,100.0,100.0,659.72167431,773.06941171,0.0,0.2293578,3.66972477,96.10091743,0.4587156,0.91743119,5.73394495,92.88990826,450,451.0,457,457,452,452,100.0,100.0,100.0,100.0,321.960716696465,299.702063253975,321.66110398,296.00075664,0.218818380743982,94.5295404814004,0.218818380743982,93.6542669584245,0.22123894,95.57522124,0.0,96.01769912,532,465.0,534,536,466,466,100.0,100.0,100.0,100.0,354.745995120363,332.233067125481,336.19960515,305.11023176,2.05992509363296,92.1348314606742,2.05223880597015,87.8731343283582,4.72103004,73.60515021,3.64806867,62.66094421,99.9,4.59755156669416
MAURITI,MAURITI,0.005708282368933551,499,507,507,100.0,100.0,591.41602959,670.52349211,1.38067061,12.03155819,33.72781065,52.85996055,7.88954635,14.59566075,35.50295858,42.01183432,546,544.0,548,548,553,553,100.0,100.0,100.0,100.0,222.422600082223,213.668560782301,233.00683996,221.66676492,8.02919708029197,29.7445255474453,3.46715328467153,43.6131386861314,6.50994575,40.86799277,2.35081374,48.28209765,618,507.0,622,622,525,525,100.0,100.0,100.0,100.0,249.431189039133,249.050250940141,253.40788,247.97090095,36.8167202572347,9.32475884244373,21.0610932475884,17.8456591639871,30.66666667,12.19047619,20.95238095,18.0952381,100.0,4.77170114723852
MERUOCA,MERUOCA,0.00694457467817941,219,222,222,100.0,100.0,660.64115766,797.05602494,0.0,0.0,0.45045045,99.54954955,0.0,0.0,0.0,100.0,197,219.0,198,198,220,220,100.0,100.0,100.0,100.0,323.562751947251,291.567353337687,318.61726818,307.32769091,0.0,98.4848484848485,0.0,94.9494949494949,0.45454545,98.63636364,0.0,98.63636364,242,215.0,245,245,218,218,100.0,100.0,100.0,100.0,315.910220014815,300.810068274715,350.54377523,311.97172936,11.4285714285714,55.1020408163265,4.08163265306122,61.6326530612245,2.29357798,81.65137615,2.29357798,72.47706422,100.0,4.8947926874976
MILAGRES,MILAGRES,0.0036051557655672676,251,250,249,99.60159362549801,99.20318725099602,567.14596,644.18311473,4.8,14.4,46.0,34.8,7.22891566,22.48995984,40.16064257,30.12048193,249,282.0,252,252,288,288,100.0,100.0,100.0,100.0,222.531617358695,215.567661454972,236.13682986,226.62217708,7.93650793650794,28.1746031746032,3.96825396825397,46.031746031746,6.94444444,44.09722222,2.08333333,50.34722222,274,314.0,277,276,315,316,100.0,100.0,100.0,100.0,251.216000699506,254.617808843079,253.69024444,255.3286962,36.8231046931408,8.30324909747292,17.0289855072464,21.0144927536232,30.47619048,8.57142857,16.13924051,20.88607595,100.0,4.90141411578745
MILHA,MILHA,0.006404657835211205,148,152,152,100.0,100.0,659.59628289,786.89722305,0.65789474,0.65789474,3.94736842,94.73684211,0.0,1.31578947,2.63157895,96.05263158,141,143.0,143,143,143,143,100.0,100.0,100.0,100.0,322.070654226759,295.58721962148,319.44320979,296.66331469,0.699300699300699,95.8041958041958,0.0,96.5034965034965,0.0,97.9020979,0.6993007,96.5034965,160,164.0,162,162,165,165,100.0,100.0,100.0,100.0,356.221733744356,327.729644751744,360.83964242,324.05289697,2.46913580246914,88.8888888888889,1.23456790123457,89.5061728395062,1.81818182,91.51515152,0.60606061,84.24242424,99.1,5.0454799048031
MIRAIMA,MIRAIMA,0.005262569322544987,147,151,151,100.0,100.0,629.14188079,726.33180689,0.66225166,0.66225166,16.55629139,82.1192053,0.66225166,4.63576159,27.81456954,66.88741722,163,164.0,165,165,169,169,100.0,100.0,100.0,100.0,222.909111286226,207.224089479246,251.43549704,228.34772781,6.06060606060606,29.0909090909091,5.45454545454545,36.3636363636364,2.95857988,55.0295858,1.77514793,55.62130178,214,217.0,211,212,218,218,98.5981308411215,99.06542056074767,100.0,100.0,249.375655190065,245.6620082071,255.36293119,244.15498165,37.914691943128,12.3222748815166,21.6981132075472,17.4528301886792,30.27522936,12.8440367,21.10091743,15.13761468,99.9,4.74862005017258
MISSAO VELHA,MISSAO VELHA,0.003650583563955748,389,402,402,100.0,100.0,601.1593607,677.99550153,1.24378109,8.70646766,32.8358209,57.21393035,2.98507463,16.91542289,34.82587065,45.27363184,432,418.0,429,429,426,426,99.30555555555556,99.30555555555556,100.0,100.0,217.830259900785,211.442347989863,225.39274836,217.84269225,9.79020979020979,30.5361305361305,5.59440559440559,42.6573426573427,8.45070423,32.62910798,3.28638498,47.88732394,502,490.0,497,498,489,490,99.00398406374502,99.20318725099602,99.79591836734694,100.0,240.097855565184,239.875648327962,244.44350511,236.30302041,45.6740442655936,6.841046277666,21.285140562249,12.2489959839357,37.42331288,6.74846626,26.32653061,12.44897959,99.7,4.84110474064059
MOMBACA,MOMBACA,0.0060031558365978635,461,470,468,100.0,100.0,650.51433617,766.51311343,0.21276596,0.85106383,7.23404255,91.70212766,0.21367521,0.64102564,11.96581197,87.17948718,405,455.0,409,409,464,464,100.0,100.0,100.0,100.0,316.793855186282,276.490437555272,299.96071767,272.81914009,0.733496332518337,90.7090464547677,0.244498777506112,87.5305623471883,0.86206897,83.18965517,0.21551724,88.57758621,601,562.0,608,608,564,564,100.0,100.0,100.0,100.0,340.402888053775,291.993257145213,336.38375,291.59127837,8.88157894736842,67.7631578947368,5.92105263157895,51.3157894736842,7.62411348,67.37588652,4.43262411,55.85106383,99.1,4.80846516391345
MONSENHOR TABOSA,MONSENHOR TABOSA,0.006475090211318163,237,238,240,100.0,100.0,646.16701681,774.47257587,0.0,1.68067227,12.60504202,85.71428571,0.0,1.25,10.0,88.75,204,206.0,204,204,211,211,100.0,100.0,100.0,100.0,288.788604062566,269.158426563926,272.24850711,253.09845024,0.0,75.4901960784314,0.0,83.8235294117647,3.31753555,74.40758294,1.42180095,72.98578199,308,310.0,299,299,316,316,97.07792207792207,97.07792207792207,100.0,100.0,294.293007038862,284.51842999118,287.17306013,274.72522785,19.3979933110368,39.1304347826087,8.36120401337793,46.1538461538462,19.93670886,32.59493671,12.65822785,39.55696203,99.2,4.85072336973222
MORADA NOVA,MORADA NOVA,0.0024147421965300315,554,561,558,100.0,100.0,543.60743137,612.96486845,6.77361854,20.49910873,46.88057041,25.84670232,13.79928315,25.98566308,43.01075269,17.20430108,550,573.0,557,557,564,565,100.0,100.0,98.42931937172776,98.60383944153578,221.586330309182,216.880106089771,225.9531383,219.80726903,8.61759425493716,28.1867145421903,3.05206463195691,45.7809694793537,6.73758865,31.02836879,3.36283186,46.90265487,578,560.0,574,574,546,546,99.30795847750865,99.30795847750865,97.5,97.5,253.609057480761,259.778200447187,250.71856044,253.8270989,27.1777003484321,4.70383275261324,12.8919860627178,20.7317073170732,30.4029304,6.41025641,15.38461538,20.6959707,99.4,5.05742361338744
MORAUJO,MORAUJO,0.005933240497282903,89,91,91,100.0,100.0,650.57559341,760.06948682,0.0,0.0,5.49450549,94.50549451,2.1978022,1.0989011,9.89010989,86.81318681,96,90.0,97,97,91,91,100.0,100.0,100.0,100.0,278.252765030588,239.065196394878,296.47234066,272.8900989,1.03092783505155,74.2268041237113,1.03092783505155,68.0412371134021,2.1978022,86.81318681,1.0989011,83.51648352,115,98.0,121,121,98,98,100.0,100.0,100.0,100.0,269.2919475259,269.118418149541,356.83484694,307.76397959,25.6198347107438,14.0495867768595,13.2231404958678,34.7107438016529,8.16326531,84.69387755,5.10204082,73.46938776,100.0,4.41549990824199
MORRINHOS,MORRINHOS,0.006775813039001247,259,269,269,100.0,100.0,665.54675465,796.6843858,0.0,0.0,1.11524164,98.88475836,0.37174721,0.0,0.0,99.62825279,246,247.0,251,251,251,251,100.0,100.0,100.0,100.0,317.917141162832,293.239866198548,325.17139442,306.89135139,0.398406374501992,93.2270916334661,0.0,95.2191235059761,0.39840637,99.20318725,0.79681275,96.01593625,304,308.0,312,312,314,314,100.0,100.0,100.0,100.0,317.917073904617,285.097549148658,352.34093949,313.71144586,7.05128205128205,49.6794871794872,4.48717948717949,41.9871794871795,1.27388535,80.25477707,0.63694268,73.56687898,99.4,4.74152887266709
MUCAMBO,MUCAMBO,0.006673754795380211,162,165,165,100.0,100.0,652.74013939,789.34057415,0.0,0.60606061,0.0,99.39393939,0.0,0.0,3.03030303,96.96969697,163,169.0,165,165,172,172,100.0,100.0,100.0,100.0,329.913783729786,301.884950501788,323.88219186,298.24107558,0.0,98.1818181818182,0.0,100.0,0.0,99.41860465,0.0,97.6744186,208,206.0,208,208,209,209,100.0,100.0,100.0,100.0,317.432560601263,296.482108915122,366.77402392,316.722,13.4615384615385,58.1730769230769,2.88461538461538,53.8461538461538,1.9138756,92.82296651,0.4784689,72.24880383,99.9,4.80430296672647
MULUNGU,MULUNGU,0.005061057257231714,113,114,114,100.0,100.0,607.85703509,699.71472324,0.0,0.0,41.22807018,58.77192982,0.87719298,11.40350877,29.8245614,57.89473684,133,116.0,133,133,117,117,100.0,100.0,100.0,100.0,233.846496919999,237.062851696919,244.19161538,253.31722222,0.75187969924812,38.3458646616541,2.25563909774436,60.1503759398496,3.41880342,51.28205128,0.0,75.21367521,169,141.0,168,168,145,145,99.40828402366864,99.40828402366864,100.0,100.0,260.336616717356,261.177899583032,260.66431034,265.03946207,28.5714285714286,12.5,13.6904761904762,22.0238095238095,25.51724138,14.48275862,10.34482759,25.51724138,100.0,5.14192836169154
NOVA OLINDA,NOVA OLINDA,0.006601734253758856,200,200,200,100.0,100.0,667.037575,796.5165879,0.0,0.0,1.5,98.5,0.0,1.0,1.0,98.0,212,204.0,216,216,206,206,100.0,100.0,100.0,100.0,328.862998678107,300.468434287226,324.52499029,305.91957282,0.0,96.7592592592593,0.462962962962963,93.0555555555556,0.48543689,96.11650485,0.0,97.57281553,203,226.0,203,203,227,227,100.0,100.0,100.0,100.0,328.921507306909,298.895328908972,304.42089868,270.16590308,7.88177339901478,63.0541871921182,2.46305418719212,58.6206896551724,9.69162996,42.2907489,9.69162996,32.59911894,99.4,4.97218642651441
NOVA RUSSAS,NOVA RUSSAS,0.0066185515465948955,296,298,298,100.0,100.0,662.61291611,787.89591989,0.33557047,0.0,1.00671141,98.65771812,0.0,0.0,4.69798658,95.30201342,333,301.0,340,340,308,308,100.0,100.0,100.0,100.0,293.908111975272,270.73021233385,323.13489286,282.60823052,0.588235294117647,82.9411764705882,0.294117647058824,85.2941176470588,0.32467532,97.72727273,0.0,96.1038961,390,366.0,400,400,372,371,100.0,100.0,100.0,100.0,265.417592982906,266.09247533375,325.04333065,302.485469,28.0,17.5,11.25,29.0,7.79569892,56.4516129,2.42587601,54.17789757,99.7,4.76904637954089
NOVO ORIENTE,NOVO ORIENTE,0.006486080419077572,325,336,335,100.0,100.0,657.82310714,793.00361282,0.89285714,0.0,2.67857143,96.42857143,0.29850746,0.0,2.08955224,97.6119403,362,355.0,368,368,362,363,100.0,100.0,100.0,100.0,324.071764920796,295.180188065825,321.72445028,301.22104904,0.0,98.9130434782609,0.0,97.8260869565217,0.0,97.79005525,0.27548209,98.07162534,391,328.0,391,391,335,335,100.0,100.0,100.0,100.0,354.836101434036,320.515072873272,348.32798806,316.08216716,2.81329923273657,85.6777493606138,0.767263427109974,79.539641943734,0.89552239,81.19402985,0.59701493,72.8358209,100.0,4.87787406473511
OCARA,OCARA,0.0058751714905316,296,309,308,100.0,100.0,598.9262945,683.5945085,1.29449838,7.76699029,34.30420712,56.63430421,3.8961039,11.36363636,37.66233766,47.07792208,261,276.0,264,264,280,280,100.0,100.0,100.0,100.0,261.889395110926,235.904317862291,234.90455,221.45206786,0.757575757575758,59.8484848484849,3.03030303030303,62.8787878787879,4.64285714,38.21428571,2.5,47.85714286,397,373.0,400,400,375,374,100.0,100.0,100.0,100.0,264.906884661645,265.67504408022,251.17973333,254.82431283,22.5,11.5,10.0,25.25,30.13333333,4.8,18.98395722,21.92513369,99.2,5.033040526732
OROS,OROS,0.006091941172780271,224,222,222,99.10714285714286,99.10714285714286,638.53678829,723.30152873,0.0,2.7027027,14.41441441,82.88288288,2.25225225,4.05405405,28.82882883,64.86486486,225,224.0,231,231,227,227,100.0,100.0,100.0,100.0,262.406577920814,250.319549334841,273.53631278,256.6958326,1.2987012987013,66.6666666666667,0.0,74.8917748917749,0.0,73.56828194,0.0,80.61674009,204,232.0,206,206,235,235,100.0,100.0,100.0,100.0,257.52385470562,265.805041907045,266.15308085,269.07765532,22.3300970873786,4.36893203883495,8.7378640776699,22.8155339805825,20.42553191,9.78723404,6.38297872,23.40425532,97.5,4.93959697224538
PACAJUS,PACAJUS,0.005047132054567944,581,600,596,100.0,100.0,589.712985,699.31784735,1.16666667,7.16666667,47.16666667,44.5,2.01342282,6.20805369,40.43624161,51.34228188,634,679.0,660,660,690,690,100.0,100.0,100.0,100.0,267.307139780289,248.57167854502,267.11076493,249.47435072,1.06060606060606,68.4848484848485,0.151515151515152,72.2727272727273,1.30434783,71.15942029,0.43478261,74.05797101,747,691.0,764,764,707,707,100.0,100.0,100.0,100.0,259.124213587282,270.200556762795,259.9907553,267.80510467,27.0942408376963,9.42408376963351,8.24607329842932,28.7958115183246,23.76237624,8.91089109,11.45685997,28.14710042,97.8,5.12489208577821
PACATUBA,PACATUBA,0.0033701809911758293,742,761,764,100.0,100.0,555.9568975,646.12138496,3.41655716,17.08278581,48.75164258,30.74901445,9.55497382,19.76439791,39.52879581,31.15183246,799,734.0,809,809,753,753,100.0,100.0,100.0,100.0,218.026672256428,214.515781355206,223.49669562,229.83818858,6.18046971569839,24.8454882571075,3.21384425216316,43.8813349814586,6.10889774,31.34130146,2.39043825,56.04249668,879,805.0,905,905,823,823,100.0,100.0,100.0,100.0,241.481446081377,255.48855754834,244.5968469,254.0774921,40.0,3.64640883977901,15.0276243093923,19.6685082872928,38.51761847,6.19684083,16.52490887,19.56257594,98.7,5.14423254449716
PACOTI,PACOTI,0.005040933366241293,131,132,132,100.0,100.0,637.7899697,737.7999786,0.0,0.0,17.42424242,82.57575758,0.75757576,3.03030303,28.78787879,67.42424242,119,115.0,123,123,115,115,100.0,100.0,100.0,100.0,249.446052818604,240.620997321211,266.56185217,265.40371304,0.0,52.0325203252033,0.0,65.8536585365854,4.34782609,62.60869565,0.0,80.86956522,143,128.0,145,145,129,129,100.0,100.0,100.0,100.0,258.388450304157,262.922485735799,257.79630233,264.63163566,25.5172413793103,8.27586206896552,11.7241379310345,21.3793103448276,27.13178295,8.52713178,12.40310078,19.37984496,100.0,4.84245984741351
PACUJA,PACUJA,0.006965153349320357,78,78,78,100.0,100.0,667.63435897,791.46310078,0.0,0.0,1.28205128,98.71794872,0.0,0.0,1.28205128,98.71794872,71,68.0,73,73,69,69,100.0,100.0,100.0,100.0,280.119582019482,257.75093608092,296.33924638,283.75698551,1.36986301369863,82.1917808219178,0.0,80.8219178082192,0.0,89.85507246,0.0,92.75362319,97,77.0,98,98,77,77,100.0,100.0,100.0,100.0,271.37511550362,262.717372529638,318.29723377,281.04622078,19.3877551020408,20.4081632653061,12.2448979591837,22.4489795918367,7.79220779,54.54545455,3.8961039,32.46753247,99.7,4.89158073296688
PALHANO,PALHANO,0.0011618271227691098,100,106,106,100.0,100.0,573.73183962,637.88054038,2.83018868,8.49056604,50.94339623,37.73584906,13.20754717,24.52830189,31.13207547,31.13207547,103,93.0,104,104,95,95,100.0,100.0,100.0,100.0,247.156508449616,238.464120778067,237.30188421,231.31994737,3.84615384615385,52.8846153846154,3.84615384615385,64.4230769230769,3.15789474,43.15789474,0.0,58.94736842,147,122.0,144,144,123,123,97.95918367346938,97.95918367346938,100.0,100.0,250.79670742304,256.534086482041,267.14999187,262.53047154,32.6388888888889,5.55555555555556,18.75,22.9166666666667,24.3902439,13.82113821,17.07317073,30.89430894,100.0,5.10475430446158
PALMACIA,PALMACIA,0.005059217466238515,120,123,123,100.0,100.0,635.98955285,723.2124235,0.0,1.62601626,14.63414634,83.7398374,0.0,4.06504065,26.01626016,69.91869919,112,103.0,115,115,106,106,100.0,100.0,100.0,100.0,249.714003783858,253.81382541133,260.44180189,245.70696226,3.47826086956522,53.9130434782609,0.0,75.6521739130435,2.83018868,64.1509434,4.71698113,74.52830189,128,118.0,127,127,116,116,99.21875,99.21875,98.30508474576271,98.30508474576271,258.459245111024,272.904364675218,263.55718966,275.6295431,30.7086614173228,11.8110236220472,9.44881889763779,30.7086614173228,25.86206897,13.79310345,7.75862069,31.89655172,99.7,4.7972581191772
PARACURU,PARACURU,0.0060898177876613155,528,546,546,100.0,100.0,649.57409524,765.22559206,0.18315018,0.36630037,5.86080586,93.58974359,0.0,1.64835165,12.82051282,85.53113553,573,588.0,584,584,608,608,100.0,100.0,100.0,100.0,263.404055213629,249.154775757695,273.8897977,252.2669227,1.88356164383562,62.5,0.856164383561644,70.5479452054795,1.48026316,70.72368421,0.65789474,74.01315789,548,519.0,557,557,529,529,100.0,100.0,100.0,100.0,265.336911637934,264.00852815681,282.07615879,276.98185444,26.3913824057451,15.9784560143627,12.2082585278276,28.0071813285458,17.58034026,22.87334594,5.6710775,32.89224953,100.0,5.03744777146549
PARAIPABA,PARAIPABA,0.00814402769752745,435,442,442,100.0,100.0,644.01031448,748.03400735,0.0,0.90497738,10.18099548,88.91402715,1.35746606,5.20361991,15.38461538,78.05429864,430,420.0,430,430,430,430,100.0,100.0,100.0,100.0,267.465758201055,250.05343914706,270.38282791,261.98871628,1.86046511627907,66.2790697674419,0.465116279069767,71.3953488372093,1.1627907,69.53488372,0.46511628,80.93023256,473,430.0,460,460,427,427,97.25158562367865,97.25158562367865,99.30232558139535,99.30232558139535,254.657050911904,263.277182636977,266.01886417,270.09917799,33.2608695652174,7.60869565217391,13.9130434782609,25.8695652173913,18.96955504,11.70960187,7.72833724,26.46370023,99.8,4.98511185253682
PARAMBU,PARAMBU,0.0029905877364783465,363,373,373,100.0,100.0,586.83670509,671.3812944,1.8766756,11.26005362,36.72922252,50.13404826,4.82573727,12.33243968,42.35924933,40.48257373,342,366.0,340,340,369,369,99.41520467836257,99.41520467836257,100.0,100.0,217.802685839644,222.841785490623,229.3809458,228.5161355,5.88235294117647,26.1764705882353,3.52941176470588,46.4705882352941,6.23306233,37.12737127,1.35501355,51.2195122,395,349.0,402,402,352,352,100.0,100.0,100.0,100.0,254.450526560528,264.159473560389,258.13026136,262.40248295,30.8457711442786,8.95522388059701,11.1940298507463,22.636815920398,24.71590909,7.95454545,9.94318182,21.59090909,98.9,5.05917361175943
PARAMOTI,PARAMOTI,0.0066564054443658295,88,91,91,100.0,100.0,653.22898901,774.86374822,0.0,0.0,3.2967033,96.7032967,1.0989011,0.0,8.79120879,90.10989011,132,122.0,133,133,124,124,100.0,100.0,100.0,100.0,264.235272426802,246.198627807246,281.86342742,275.14110484,0.75187969924812,66.1654135338346,0.0,70.6766917293233,0.0,79.03225806,0.0,91.12903226,169,83.0,166,166,84,84,98.22485207100591,98.22485207100591,100.0,100.0,305.106919381835,280.458662949757,296.57630952,281.0017619,7.83132530120482,37.9518072289157,1.80722891566265,28.9156626506024,7.14285714,28.57142857,1.19047619,26.19047619,98.6,4.69578767749064
PEDRA BRANCA,PEDRA BRANCA,0.006415144051785904,376,382,381,100.0,100.0,668.32960209,798.13092881,0.0,0.0,1.04712042,98.95287958,0.0,0.26246719,1.04986877,98.68766404,467,415.0,476,476,421,421,100.0,100.0,100.0,100.0,345.438113782929,320.662868241591,331.2564228,319.58441568,0.0,99.1596638655462,0.420168067226891,98.7394957983193,0.0,99.28741093,0.0,99.28741093,519,479.0,525,525,483,483,100.0,100.0,100.0,100.0,381.74401045558,342.435180747474,373.81995031,329.6156294,0.952380952380952,96.7619047619048,0.952380952380952,93.9047619047619,0.82815735,95.85921325,0.0,90.89026915,100.0,4.60478020951373
PENAFORTE,PENAFORTE,0.003458427230920237,130,126,127,96.92307692307692,97.6923076923077,534.3589127,591.0643841,4.76190476,24.6031746,53.17460317,17.46031746,17.32283465,33.07086614,37.79527559,11.81102362,138,130.0,141,141,134,134,100.0,100.0,100.0,100.0,215.747730513204,206.10980064136,212.48342537,206.61166418,9.9290780141844,29.0780141843972,6.38297872340426,39.0070921985816,9.70149254,25.37313433,4.47761194,37.31343284,135,121.0,132,132,112,112,97.77777777777777,97.77777777777777,92.56198347107438,92.56198347107438,251.466804458931,253.329425076043,239.65640179,250.29938393,32.5757575757576,10.6060606060606,16.6666666666667,19.6969696969697,40.17857143,4.46428571,16.07142857,15.17857143,98.1,5.09904285990466
PENTECOSTE,PENTECOSTE,0.005637497820419537,384,389,390,100.0,100.0,642.6562982,755.84353651,0.25706941,4.11311054,10.28277635,85.3470437,2.05128205,3.07692308,10.0,84.87179487,420,383.0,429,430,400,400,100.0,100.0,100.0,100.0,267.983209978125,257.939813286697,282.53296025,271.733905,3.26340326340326,66.2004662004662,2.7906976744186,75.8139534883721,4.75,70.0,2.5,76.75,411,404.0,417,417,404,404,100.0,100.0,100.0,100.0,272.487501094241,272.127192586667,252.9484703,253.33471782,28.537170263789,25.8992805755396,12.7098321342926,37.6498800959233,34.65346535,15.84158416,16.83168317,21.03960396,99.4,4.65726910221483
PEREIRO,PEREIRO,0.0066953738698391435,230,232,232,100.0,100.0,644.69028448,767.68051986,0.0,0.0,13.79310345,86.20689655,0.43103448,0.86206897,8.18965517,90.51724138,252,260.0,255,255,260,260,100.0,100.0,100.0,100.0,276.910715371139,264.058176219013,282.17321154,265.38466538,0.0,76.4705882352941,0.0,83.921568627451,0.38461538,80.38461538,0.38461538,84.61538462,351,228.0,354,354,230,230,100.0,100.0,100.0,100.0,266.111047083669,278.252980163042,288.39728261,289.28345217,23.4463276836158,11.5819209039548,6.49717514124294,34.4632768361582,11.30434783,23.47826087,2.60869565,46.08695652,96.7,5.40302215894095
PINDORETAMA,PINDORETAMA,0.00464896603072692,254,264,263,100.0,100.0,599.17448864,664.31943237,0.75757576,6.81818182,33.33333333,59.09090909,4.94296578,15.58935361,44.10646388,35.36121673,282,302.0,288,288,307,307,100.0,100.0,100.0,100.0,232.186508760288,229.361624835896,241.2172899,233.88498046,3.47222222222222,36.8055555555556,1.38888888888889,57.6388888888889,0.6514658,41.69381107,0.0,59.60912052,305,310.0,314,314,319,319,100.0,100.0,100.0,100.0,249.704980434191,258.595277786356,247.31991536,253.64741066,32.8025477707006,3.18471337579618,11.7834394904459,18.1528662420382,31.66144201,4.07523511,15.98746082,16.92789969,99.7,5.00324428869169
PIQUET CARNEIRO,PIQUET CARNEIRO,0.006923871575906203,144,150,150,100.0,100.0,663.00064667,798.09419023,0.66666667,0.0,0.66666667,98.66666667,0.0,0.0,2.0,98.0,142,170.0,143,143,173,173,100.0,100.0,100.0,100.0,318.62097036824,300.063647042828,319.91073988,309.28453179,0.0,95.8041958041958,0.699300699300699,96.5034965034965,0.0,99.42196532,0.0,100.0,166,166.0,167,167,168,168,100.0,100.0,100.0,100.0,323.534000352983,300.540968678012,366.6011131,323.81724405,4.79041916167665,59.8802395209581,2.9940119760479,52.0958083832335,0.0,94.64285714,0.5952381,85.71428571,100.0,4.95180343415866
PIRES FERREIRA,PIRES FERREIRA,0.006619883381910352,100,99,99,99.0,99.0,668.18684848,796.57738191,0.0,0.0,0.0,100.0,0.0,0.0,3.03030303,96.96969697,120,135.0,119,119,135,135,99.16666666666667,99.16666666666667,100.0,100.0,349.884345414431,326.293381794358,321.20228148,308.88335556,0.0,100.0,0.0,100.0,0.0,96.2962963,0.0,95.55555556,150,105.0,151,151,105,105,100.0,100.0,100.0,100.0,389.980719489194,357.619587080205,355.36045714,313.83902857,0.0,99.3377483443709,0.0,100.0,0.95238095,73.33333333,2.85714286,71.42857143,100.0,4.84307970843365
PORANGA,PORANGA,0.006355908679966098,156,161,161,100.0,100.0,659.58004969,784.50384251,0.0,0.0,2.48447205,97.51552795,0.0,0.62111801,4.34782609,95.0310559,175,170.0,177,177,173,173,100.0,100.0,100.0,100.0,276.870096950883,257.476081229207,280.52656069,257.09424277,1.69491525423729,73.4463276836158,0.0,71.1864406779661,1.15606936,75.14450867,0.0,79.19075145,166,137.0,164,164,136,136,98.79518072289156,98.79518072289156,99.27007299270073,99.27007299270073,291.666912262126,272.871617112124,294.67905147,270.43304412,13.4146341463415,31.7073170731707,6.70731707317073,28.0487804878049,19.85294118,44.11764706,12.5,39.70588235,97.1,4.8467721033934
PORTEIRAS,PORTEIRAS,0.006956489818781061,237,238,238,100.0,100.0,635.10265546,725.2454465,0.0,2.10084034,13.86554622,84.03361345,1.68067227,5.46218487,24.3697479,68.48739496,224,243.0,226,226,244,244,100.0,100.0,100.0,100.0,282.565456855705,257.992264468647,275.01785246,256.75627459,0.884955752212389,73.8938053097345,1.32743362831858,73.4513274336283,1.2295082,69.26229508,0.81967213,78.68852459,216,250.0,220,220,250,250,100.0,100.0,100.0,100.0,266.91839161799,263.313181587488,274.430176,267.3626,22.7272727272727,14.5454545454545,8.18181818181818,22.7272727272727,20.0,20.4,10.4,31.2,100.0,4.99264812681739
POTENGI,POTENGI,0.006698036257148494,71,71,71,100.0,100.0,641.33294366,740.8545705,0.0,0.0,14.08450704,85.91549296,0.0,5.63380282,25.35211268,69.01408451,96,110.0,94,94,112,112,97.91666666666666,97.91666666666666,100.0,100.0,267.880901575042,242.176996274394,292.41807143,263.48211607,3.19148936170213,72.3404255319149,0.0,67.0212765957447,0.89285714,89.28571429,0.0,80.35714286,144,134.0,135,135,109,109,93.75,93.75,81.34328358208955,81.34328358208955,231.333550383057,244.821010749751,249.91508257,244.8403578,51.1111111111111,1.48148148148148,16.2962962962963,11.8518518518519,34.86238532,10.09174312,22.01834862,15.59633028,97.3,4.7993214944368
POTIRETAMA,POTIRETAMA,0.0063603165455619224,86,87,87,100.0,100.0,667.90077011,787.23078111,0.0,0.0,4.59770115,95.40229885,0.0,0.0,0.0,100.0,50,92.0,52,52,91,91,100.0,100.0,98.91304347826086,98.91304347826086,327.798569659933,293.222220864906,307.30083516,291.41496703,0.0,98.0769230769231,0.0,98.0769230769231,0.0,97.8021978,0.0,95.6043956,98,76.0,99,99,78,77,100.0,100.0,100.0,100.0,350.051094374842,307.038742711006,348.64594872,313.01402597,3.03030303030303,83.8383838383838,2.02020202020202,70.7070707070707,1.28205128,89.74358974,0.0,72.72727273,100.0,5.15014616043448
QUITERIANOPOLIS,QUITERIANOPOLIS,0.006093400018155679,203,214,214,100.0,100.0,662.54809346,782.60802749,0.0,0.0,1.86915888,98.13084112,0.0,3.27102804,2.3364486,94.39252336,207,203.0,213,213,211,211,100.0,100.0,100.0,100.0,322.801162689702,291.172566362557,315.13092891,296.5767346,0.469483568075117,91.0798122065728,0.469483568075117,92.4882629107981,0.47393365,92.89099526,0.0,96.20853081,188,198.0,192,191,203,203,100.0,100.0,100.0,100.0,306.587847212177,295.30313426548,352.81186207,316.32267488,8.85416666666667,44.7916666666667,3.1413612565445,47.1204188481675,2.46305419,80.78817734,2.46305419,75.36945813,100.0,4.86447592966003
QUIXADA,QUIXADA,0.006419455887145762,796,803,803,100.0,100.0,643.50700125,742.05576049,0.249066,2.36612702,8.34371108,89.04109589,1.12079701,4.85678705,17.43462017,76.58779577,827,788.0,849,849,779,779,100.0,100.0,98.85786802030458,98.85786802030458,239.883591496774,225.909073131547,256.03337484,243.82132991,4.35806831566549,43.4628975265018,2.70906949352179,52.5323910482921,3.85109114,55.71245186,1.15532734,66.36713736,972,1029.0,986,985,1005,1006,100.0,100.0,97.667638483965,97.76482021379981,239.887442835401,243.812989018339,249.08531443,254.11607753,43.9148073022312,5.0709939148073,24.2639593908629,15.7360406091371,36.21890547,10.64676617,16.79920477,22.6640159,100.0,4.90094085808437
QUIXELO,QUIXELO,0.003656448661678618,150,151,152,100.0,100.0,614.86272185,704.66918983,1.32450331,5.9602649,22.51655629,70.1986755,0.65789474,5.92105263,40.78947368,52.63157895,198,166.0,200,200,167,167,100.0,100.0,100.0,100.0,227.669982176455,220.910669093076,241.70197605,239.78229341,6.0,35.5,3.0,50.0,5.38922156,49.10179641,0.5988024,66.46706587,275,157.0,276,276,157,157,100.0,100.0,100.0,100.0,282.47624968784,282.65977678006,278.45407643,267.33296815,14.8550724637681,23.5507246376812,3.98550724637681,38.0434782608696,16.56050955,22.92993631,6.36942675,26.11464968,98.3,4.73804304274947
QUIXERAMOBIM,QUIXERAMOBIM,0.006316937422554262,905,921,920,100.0,100.0,656.02380565,788.04629902,0.0,0.43431053,4.01737242,95.54831705,0.0,0.2173913,3.04347826,96.73913043,919,877.0,938,938,883,883,100.0,100.0,100.0,100.0,304.924048401835,281.401306858216,312.27874972,295.08216308,0.959488272921109,87.953091684435,0.426439232409382,90.4051172707889,0.22650057,93.88448471,0.0,96.26274066,979,841.0,1005,1005,855,855,100.0,100.0,100.0,100.0,318.914999253376,305.810899204194,342.81462105,308.3792807,8.05970149253731,55.2238805970149,3.08457711442786,63.5820895522388,3.62573099,78.12865497,1.98830409,64.79532164,100.0,4.91000743753346
QUIXERE,QUIXERE,0.004817598224240758,162,168,168,100.0,100.0,607.75527381,710.55120529,0.0,4.76190476,39.88095238,55.35714286,2.38095238,7.14285714,30.95238095,59.52380952,188,217.0,194,194,221,221,100.0,100.0,100.0,100.0,247.917012761287,239.088317716111,253.26085068,241.60780995,3.60824742268041,47.9381443298969,1.54639175257732,63.4020618556701,4.07239819,56.56108597,0.90497738,63.80090498,276,237.0,281,281,243,243,100.0,100.0,100.0,100.0,259.413510704778,265.661516605415,263.77973663,268.37586831,23.1316725978648,7.47330960854093,9.9644128113879,23.1316725978648,16.46090535,9.05349794,7.81893004,25.51440329,99.6,5.17363314505601
REDENCAO,REDENCAO,0.004595316822443797,309,316,315,100.0,100.0,619.01918987,720.59993003,0.94936709,2.84810127,25.0,71.20253165,2.53968254,6.66666667,25.3968254,65.3968254,334,378.0,341,341,384,384,100.0,100.0,100.0,100.0,245.205325643376,234.506096278773,262.27446875,250.01166406,2.63929618768328,48.6803519061584,1.46627565982405,61.2903225806452,1.30208333,62.23958333,0.26041667,74.21875,397,401.0,397,397,401,401,100.0,100.0,100.0,100.0,255.535190439801,260.405857525033,253.79447382,258.32442394,29.4710327455919,9.82367758186398,11.5869017632242,19.3954659949622,30.17456359,10.2244389,14.96259352,21.19700748,100.0,4.99953714642713
RERIUTABA,RERIUTABA,0.006599240884357231,205,204,204,99.51219512195122,99.51219512195122,664.42922059,790.56799987,0.0,0.0,1.47058824,98.52941176,0.0,0.0,1.47058824,98.52941176,210,198.0,212,212,198,198,100.0,100.0,100.0,100.0,335.42080862988,311.861465559266,331.81839394,306.4515202,0.0,99.0566037735849,0.0,99.0566037735849,0.0,100.0,0.0,100.0,210,229.0,211,211,229,229,100.0,100.0,100.0,100.0,360.583859241293,328.265767690754,360.54308297,324.50794323,0.947867298578199,84.3601895734597,0.4739336492891,82.9383886255924,0.43668122,90.82969432,0.0,87.77292576,99.9,4.75693451676835
RUSSAS,RUSSAS,0.0049064383655795865,698,712,712,100.0,100.0,611.63116433,708.80462927,0.42134831,3.37078652,33.28651685,62.92134831,0.56179775,4.91573034,37.5,57.02247191,536,735.0,552,552,753,753,100.0,100.0,100.0,100.0,264.771659917822,250.999358116931,274.93001328,260.07330544,0.72463768115942,64.8550724637681,1.08695652173913,75.3623188405797,0.13280212,75.96281541,0.13280212,81.67330677,946,937.0,965,965,961,961,100.0,100.0,100.0,100.0,278.962023394025,276.466236785358,285.75525078,280.24646306,18.5492227979275,19.7927461139896,6.1139896373057,32.020725388601,11.86264308,23.41311134,6.03537981,38.29344433,99.2,5.20101250026799
SABOEIRO,SABOEIRO,0.004552474160663168,161,164,164,100.0,100.0,600.99676829,667.51306031,3.04878049,4.26829268,28.65853659,64.02439024,8.53658537,13.41463415,40.24390244,37.80487805,160,138.0,161,161,139,140,100.0,100.0,100.0,100.0,233.593448032312,223.325840089851,235.83022302,227.88802857,3.1055900621118,38.5093167701863,1.86335403726708,51.5527950310559,4.31654676,41.72661871,0.71428571,50.0,241,198.0,246,246,198,198,100.0,100.0,100.0,100.0,252.84407324302,249.263617887562,251.4065404,253.87531313,35.3658536585366,11.3821138211382,19.1056910569106,15.0406504065041,32.82828283,6.56565657,15.65656566,18.18181818,100.0,4.99073785988603
SALITRE,SALITRE,0.007091495410763075,274,278,278,100.0,100.0,649.30433813,754.86230652,0.0,1.07913669,7.91366906,91.00719424,0.0,2.51798561,12.94964029,84.5323741,275,307.0,282,282,310,310,100.0,100.0,100.0,100.0,293.421742166862,271.626532875019,296.48598387,285.57449677,0.354609929078014,86.8794326241135,0.0,86.5248226950355,0.0,87.41935484,0.64516129,92.25806452,284,221.0,286,286,222,222,100.0,100.0,100.0,100.0,284.288996561865,274.838626919999,300.49128829,280.02601351,17.4825174825175,25.8741258741259,7.69230769230769,32.5174825174825,12.16216216,38.73873874,5.85585586,36.03603604,97.5,4.93146965143428
SANTA QUITERIA,SANTA QUITERIA,0.0060508102930114886,432,439,439,100.0,100.0,639.80347608,740.43823826,0.22779043,0.91116173,12.75626424,86.1047836,1.13895216,3.41685649,20.04555809,75.39863326,509,414.0,510,510,420,420,100.0,100.0,100.0,100.0,279.902699521569,257.009653451989,267.11087619,248.27332143,0.980392156862745,73.3333333333333,0.784313725490196,75.2941176470588,2.38095238,63.33333333,0.23809524,69.76190476,518,525.0,528,528,533,533,100.0,100.0,100.0,100.0,295.545035196585,283.504294758799,284.09942402,277.16538837,17.8030303030303,40.530303030303,6.43939393939394,40.530303030303,19.1369606,31.14446529,9.38086304,38.2739212,98.7,4.96709578284645
SANTANA DO ACARAU,SANTANA DO ACARAU,0.006466336946124444,304,307,307,100.0,100.0,658.46858306,781.06166564,0.3257329,0.0,4.56026059,95.11400651,0.3257329,0.3257329,5.53745928,93.81107492,311,353.0,313,313,358,358,100.0,100.0,100.0,100.0,295.04974033802,268.838201367723,297.66078855,280.13463687,0.319488817891374,85.6230031948882,0.0,84.3450479233227,0.55865922,89.10614525,0.0,90.78212291,313,331.0,320,320,334,334,100.0,100.0,100.0,100.0,322.567723890997,305.485336423675,337.51040719,300.17145509,3.4375,54.6875,1.25,60.9375,2.09580838,65.26946108,2.39520958,57.18562874,99.6,4.35310757837945
SANTANA DO CARIRI,SANTANA DO CARIRI,0.005596999980233438,179,184,184,100.0,100.0,663.18808152,768.12895103,0.0,0.0,2.17391304,97.82608696,0.0,2.7173913,10.86956522,86.41304348,218,252.0,220,220,255,255,100.0,100.0,100.0,100.0,242.473981600891,230.517039049391,267.18141176,243.43858431,5.90909090909091,48.1818181818182,3.18181818181818,55.0,0.78431373,67.84313725,2.74509804,69.01960784,274,272.0,276,276,248,248,100.0,100.0,91.17647058823529,91.17647058823529,257.82852468941,257.136947667155,249.10826613,246.32406048,34.4202898550725,14.1304347826087,21.0144927536232,26.4492753623188,38.30645161,13.30645161,23.79032258,18.5483871,99.9,4.64814465310808
SAO BENEDITO,SAO BENEDITO,0.006504565885887199,558,566,567,100.0,100.0,658.04514134,768.8946145,0.0,0.17667845,3.35689046,96.4664311,0.17636684,0.52910053,9.70017637,89.59435626,594,619.0,592,592,625,625,99.66329966329967,99.66329966329967,100.0,100.0,289.55656816895,264.945283512679,296.8247616,281.0267744,1.68918918918919,80.2364864864865,0.675675675675676,78.0405405405405,0.48,86.56,0.96,87.84,692,656.0,689,689,664,664,99.56647398843931,99.56647398843931,100.0,100.0,309.881913817017,280.332869043358,312.90210241,287.46235241,15.8200290275762,49.3468795355588,7.69230769230769,42.3802612481858,9.3373494,53.1626506,8.28313253,48.4939759,99.8,4.7529169632126
SAO GONCALO DO AMARANTE,SAO GONCALO DO AMARANTE,0.004144009084645007,907,934,933,100.0,100.0,616.69398394,702.0215761,1.39186296,4.60385439,25.37473233,68.62955032,3.53697749,9.96784566,28.51018221,57.98499464,905,858.0,930,930,870,870,100.0,100.0,100.0,100.0,232.648009883738,230.280613966526,253.62152184,249.85829195,4.94623655913979,37.2043010752688,2.68817204301075,57.9569892473118,2.75862069,56.20689655,0.68965517,71.6091954,872,856.0,892,891,877,877,100.0,100.0,100.0,100.0,262.004359142253,266.96145157871,272.33604447,268.12523261,26.1210762331839,12.8923766816143,9.53984287317621,25.9259259259259,20.86659065,18.70011403,10.14823261,28.73432155,99.7,5.24490703239062
SAO JOAO DO JAGUARIBE,SAO JOAO DO JAGUARIBE,0.0038948259807899373,59,59,59,100.0,100.0,633.26810169,760.87917071,3.38983051,3.38983051,8.47457627,84.74576271,0.0,3.38983051,11.86440678,84.74576271,43,62.0,44,44,65,65,100.0,100.0,100.0,100.0,266.358258778203,252.074243008345,266.12430769,263.24323077,0.0,54.5454545454545,2.27272727272727,65.9090909090909,1.53846154,66.15384615,0.0,75.38461538,71,61.0,73,73,62,62,100.0,100.0,100.0,100.0,284.736922260837,278.81126305206,307.61043548,276.72566129,20.5479452054795,27.3972602739726,8.21917808219178,36.986301369863,14.51612903,45.16129032,9.67741935,41.93548387,100.0,5.29931245739942
SAO LUIS DO CURU,SAO LUIS DO CURU,0.003591501034635867,115,115,116,100.0,100.0,560.08811304,614.2829309,4.34782609,8.69565217,56.52173913,30.43478261,11.20689655,30.17241379,37.93103448,20.68965517,117,126.0,116,116,129,129,99.14529914529915,99.14529914529915,100.0,100.0,214.475379241081,216.712824909681,207.66644186,199.49027597,9.48275862068965,22.4137931034483,4.31034482758621,42.2413793103448,10.07751938,19.37984496,5.42635659,27.90697674,132,138.0,131,131,135,135,99.24242424242425,99.24242424242425,97.82608695652173,97.82608695652173,236.492950160921,249.552096635439,226.56868148,237.6890963,38.1679389312977,1.52671755725191,13.7404580152672,16.793893129771,50.37037037,2.22222222,20.0,11.11111111,98.5,4.68057269191554
SENADOR POMPEU,SENADOR POMPEU,0.006616319201013371,232,236,236,100.0,100.0,653.94027966,777.20723805,0.42372881,0.0,2.11864407,97.45762712,0.84745763,0.42372881,7.20338983,91.52542373,236,198.0,238,238,198,198,100.0,100.0,100.0,100.0,307.75651636696,291.925289752988,301.84778788,282.79872222,0.420168067226891,95.3781512605042,0.0,95.3781512605042,0.0,92.42424242,0.0,93.93939394,275,249.0,275,275,250,250,100.0,100.0,100.0,100.0,301.305224084243,280.775560988763,324.043624,280.707408,16.3636363636364,46.5454545454545,5.09090909090909,35.6363636363636,7.6,64.0,7.6,38.4,98.2,4.74884602828232
SENADOR SA,SENADOR SA,0.006155987843970696,107,109,109,100.0,100.0,672.99041284,802.60806727,0.0,0.0,0.0,100.0,0.0,0.0,0.91743119,99.08256881,107,108.0,98,98,108,108,91.58878504672897,91.58878504672897,100.0,100.0,316.887885648726,289.889860371678,330.41287037,315.56437963,0.0,95.9183673469388,0.0,88.7755102040816,0.0,100.0,0.0,98.14814815,147,121.0,139,139,121,121,94.5578231292517,94.5578231292517,100.0,100.0,307.45731156768,295.370843614081,360.8971157,313.25740496,10.7913669064748,41.0071942446043,1.43884892086331,46.0431654676259,0.82644628,89.25619835,2.47933884,71.90082645,100.0,4.68721600738707
SOBRAL,SOBRAL,0.005846574199759476,2218,2224,2223,100.0,100.0,655.6921821,780.32535256,0.0,0.67446043,5.71043165,93.61510791,0.04498426,0.53981107,6.74763833,92.66756635,2006,2387.0,2064,2064,2395,2396,100.0,100.0,100.0,100.0,330.820343090728,307.160524367525,311.40192234,296.18094825,0.0,98.1589147286822,0.0,98.4980620155039,0.25052192,93.2776618,0.08347245,94.74123539,1831,2262.0,1854,1854,2271,2271,100.0,100.0,100.0,100.0,368.041222182587,324.423720053961,334.86178115,298.09378071,0.809061488673139,90.7766990291262,0.377562028047465,79.4498381877023,5.23998239,67.98767063,3.30250991,55.57023338,97.89999999999999,5.05440746398925
SOLONOPOLE,SOLONOPOLE,0.005888220363825378,185,189,189,100.0,100.0,666.41720106,796.45307112,0.0,0.0,0.52910053,99.47089947,0.0,0.0,1.58730159,98.41269841,168,173.0,169,169,173,173,100.0,100.0,100.0,100.0,319.552021549357,303.343345772782,322.07475145,311.23124277,0.0,92.8994082840237,0.0,96.4497041420118,0.0,95.95375723,0.0,98.84393064,201,194.0,200,200,193,192,99.50248756218906,99.50248756218906,99.48453608247422,98.96907216494846,340.993952090912,317.975287842721,366.69303627,316.8095625,10.0,64.5,2.5,70.0,2.59067358,91.19170984,2.08333333,80.72916667,100.0,5.18055608121987
TABULEIRO DO NORTE,TABULEIRO DO NORTE,0.004465277739581799,245,251,251,100.0,100.0,562.80428685,663.56412341,1.99203187,17.1314741,47.80876494,33.06772908,7.17131474,16.73306773,37.4501992,38.64541833,240,280.0,241,241,289,289,100.0,100.0,100.0,100.0,242.975733034081,245.144579957277,242.13334256,243.55151557,2.4896265560166,46.8879668049793,2.0746887966805,71.3692946058091,2.07612457,45.67474048,1.03806228,67.12802768,322,299.0,329,329,296,296,100.0,100.0,98.99665551839465,98.99665551839465,267.107363563948,266.451720954176,272.62912162,270.27407095,24.0121580547112,15.1975683890578,12.4620060790274,27.0516717325228,20.60810811,14.18918919,9.7972973,32.09459459,99.3,5.27401756573129
TAMBORIL,TAMBORIL,0.006156858937528981,278,283,283,100.0,100.0,654.40166784,767.31927457,0.0,0.70671378,3.18021201,96.1130742,0.0,0.70671378,11.66077739,87.63250883,276,269.0,281,281,274,274,100.0,100.0,100.0,100.0,314.786515935168,289.178836102744,314.91504745,291.51764964,0.355871886120996,90.3914590747331,0.355871886120996,95.0177935943061,0.3649635,94.89051095,0.3649635,93.43065693,344,314.0,346,346,317,317,100.0,100.0,100.0,100.0,333.897278868748,308.129938816571,352.88654259,315.31237539,6.06936416184971,67.0520231213873,2.89017341040462,68.7861271676301,3.47003155,88.32807571,0.94637224,74.13249211,99.4,4.64105566234328
TARRAFAS,TARRAFAS,0.005966248677093937,94,96,96,100.0,100.0,632.48804167,736.82163932,2.08333333,5.20833333,8.33333333,84.375,0.0,6.25,15.625,78.125,91,102.0,92,92,103,103,100.0,100.0,100.0,100.0,221.127857734281,215.744440467323,241.29459223,234.34156311,5.43478260869565,22.8260869565217,4.34782608695652,42.3913043478261,2.91262136,44.66019417,0.97087379,64.0776699,109,85.0,107,107,83,83,98.1651376146789,98.1651376146789,97.6470588235294,97.6470588235294,239.736186331792,230.579691670927,264.0076506,256.06971084,44.8598130841121,3.73831775700935,36.4485981308411,10.2803738317757,21.68674699,8.43373494,14.45783133,21.68674699,98.7,5.05116896458577
TAUA,TAUA,0.005209010328830745,515,531,528,100.0,100.0,650.38306026,758.23860921,0.0,0.56497175,10.73446328,88.70056497,1.51515152,3.21969697,12.12121212,83.14393939,560,523.0,579,579,532,532,100.0,100.0,100.0,100.0,273.33022447439,254.523417089207,287.59108459,265.42251692,1.38169257340242,70.8117443868739,0.518134715025907,73.7478411053541,1.31578947,79.5112782,0.18796992,81.39097744,623,532.0,629,629,545,545,100.0,100.0,100.0,100.0,281.952293433001,269.981151341427,300.59046055,276.64972477,21.4626391096979,26.7090620031797,9.85691573926868,27.027027027027,11.55963303,37.79816514,7.33944954,32.29357798,100.0,5.14458452546865
TEJUCUOCA,TEJUCUOCA,0.00435934911524644,273,274,275,100.0,100.0,571.93175547,645.73034863,3.64963504,14.23357664,38.68613139,43.43065693,8.0,21.45454545,40.36363636,30.18181818,269,257.0,269,269,262,262,100.0,100.0,100.0,100.0,230.262223630594,222.008021449018,229.14018702,221.22768321,7.0631970260223,37.9182156133829,2.97397769516729,48.3271375464684,6.48854962,38.93129771,3.4351145,49.23664122,332,131.0,331,331,132,132,99.69879518072288,99.69879518072288,100.0,100.0,256.698516793896,257.797313066314,250.88818939,244.35048485,31.7220543806647,7.55287009063444,12.0845921450151,21.7522658610272,31.06060606,9.09090909,24.24242424,15.90909091,99.4,4.76133114695341
TIANGUA,TIANGUA,0.004837401388065195,1079,1089,1095,100.0,100.0,602.31785308,684.41047788,1.5610652,5.41781451,35.53719008,57.48393021,4.84018265,11.50684932,37.35159817,46.30136986,1019,979.0,1026,1026,993,993,100.0,100.0,100.0,100.0,226.442336730993,221.17478818162,234.73612588,224.56940081,5.16569200779727,33.2358674463938,2.92397660818713,50.4873294346979,5.5387714,40.38267875,1.30916415,50.45317221,1241,1145.0,1252,1252,1149,1149,100.0,100.0,100.0,100.0,259.396082003992,269.646638249146,256.83680331,258.3999678,31.3897763578275,12.779552715655,10.3035143769968,28.594249201278,28.11140122,10.53089643,12.70670148,22.01914708,99.3,4.85129439256666
TRAIRI,TRAIRI,0.00563046002819244,776,800,799,100.0,100.0,638.09166875,735.16489909,0.125,2.0,14.0,83.875,1.25156446,4.88110138,21.52690864,72.34042553,823,859.0,835,836,883,883,100.0,100.0,100.0,100.0,239.727524498584,231.467364761883,253.08721178,234.34789694,3.47305389221557,43.5928143712575,1.91387559808612,57.7751196172249,3.28425821,54.24688562,1.01925255,60.02265006,893,860.0,903,904,861,862,100.0,100.0,100.0,100.0,260.985824171887,255.988387468378,273.42064925,258.44664733,28.3499446290144,11.6279069767442,14.3805309734513,18.5840707964602,21.83507549,18.58304297,14.84918794,22.62180974,99.6,4.8999769106302
TURURU,TURURU,0.006476243358752827,249,251,251,100.0,100.0,644.00833865,749.56710556,0.39840637,0.39840637,8.76494024,90.43824701,0.0,2.39043825,16.33466135,81.2749004,239,292.0,245,245,294,294,100.0,100.0,100.0,100.0,230.747121285468,222.924246676502,246.44862585,233.07010544,3.6734693877551,37.9591836734694,0.816326530612245,47.7551020408163,3.7414966,48.29931973,0.68027211,57.82312925,291,278.0,291,291,279,279,100.0,100.0,100.0,100.0,247.41113667942,253.276937133618,267.67537634,265.96920789,37.1134020618557,5.84192439862543,14.0893470790378,19.5876288659794,21.86379928,12.18637993,11.46953405,26.16487455,99.4,4.83547302456444
UBAJARA,UBAJARA,0.006350985540533486,431,440,441,100.0,100.0,643.50913182,770.94142939,0.90909091,2.04545455,9.54545455,87.5,0.45351474,4.08163265,8.39002268,87.07482993,449,451.0,454,453,452,452,100.0,100.0,100.0,100.0,293.677543757285,264.528554762874,303.84901549,286.05188717,1.10132158590308,81.4977973568282,0.662251655629139,82.560706401766,0.88495575,91.59292035,0.44247788,93.80530973,516,479.0,515,515,481,481,99.8062015503876,99.8062015503876,100.0,100.0,319.111868031868,294.979417289798,323.58870478,294.41422661,8.93203883495146,56.8932038834951,6.40776699029126,50.0970873786408,6.86070686,60.08316008,3.11850312,50.1039501,100.0,4.9677189269014
UMARI,UMARI,0.0051200235386944125,52,51,51,98.07692307692307,98.07692307692307,631.50884314,719.15338981,3.92156863,5.88235294,9.80392157,80.39215686,1.96078431,9.80392157,23.52941176,64.70588235,58,66.0,61,61,67,67,100.0,100.0,100.0,100.0,270.583575704741,272.761614892016,305.9148209,275.69689552,0.0,73.7704918032787,0.0,90.1639344262295,0.0,94.02985075,0.0,91.04477612,64,98.0,65,65,101,101,100.0,100.0,100.0,100.0,256.999714269993,271.607452432459,312.01926733,283.46930693,27.6923076923077,7.69230769230769,7.69230769230769,33.8461538461538,1.98019802,43.56435644,0.0,38.61386139,100.0,4.73017809301139
UMIRIM,UMIRIM,0.0026405352080106073,200,205,204,100.0,100.0,606.43507317,686.7537216,3.90243902,8.7804878,18.04878049,69.26829268,9.31372549,9.80392157,25.98039216,54.90196078,233,242.0,234,234,250,250,100.0,100.0,100.0,100.0,201.289461408445,199.445249262398,218.494776,223.227032,15.3846153846154,16.2393162393162,8.54700854700855,34.1880341880342,9.2,28.4,0.4,48.4,285,230.0,285,285,232,232,100.0,100.0,100.0,100.0,229.785981381973,242.795872166411,234.11637931,239.20798276,47.719298245614,2.10526315789474,24.2105263157895,14.0350877192982,41.81034483,0.86206897,25.0,10.34482759,99.6,4.73816899577117
URUBURETAMA,URUBURETAMA,0.00399659070032934,239,240,240,100.0,100.0,578.41234583,681.80796473,2.91666667,11.66666667,39.58333333,45.83333333,5.83333333,12.08333333,34.58333333,47.5,283,294.0,284,284,299,299,100.0,100.0,100.0,100.0,220.312338921598,227.987722391576,220.30382609,221.70586622,7.3943661971831,27.112676056338,3.52112676056338,51.4084507042254,9.69899666,29.09698997,3.01003344,50.16722408,300,286.0,300,300,289,290,100.0,100.0,100.0,100.0,257.059781611473,264.637436758456,266.14011419,263.37618966,32.0,11.3333333333333,12.0,26.6666666666667,22.49134948,14.18685121,10.68965517,24.13793103,99.7,4.7792303924218
URUOCA,URUOCA,0.006391477172122533,193,195,195,100.0,100.0,658.09234872,791.02468652,0.0,0.51282051,3.58974359,95.8974359,0.0,0.51282051,4.61538462,94.87179487,130,133.0,134,134,137,137,100.0,100.0,100.0,100.0,291.404892035153,263.530129468693,317.09471533,286.49206934,2.23880597014925,84.3283582089552,0.746268656716418,83.5820895522388,0.72992701,98.54014599,0.72992701,98.54014599,278,175.0,282,282,175,175,100.0,100.0,100.0,100.0,303.469902947533,278.998005476372,341.37889143,296.70128571,14.1843971631206,43.9716312056738,4.60992907801418,30.8510638297872,2.85714286,74.85714286,3.42857143,49.14285714,98.6,4.88192848499249
VARJOTA,VARJOTA,0.0058226818254123215,241,242,242,100.0,100.0,667.98980992,800.4048009,0.41322314,0.0,0.41322314,99.17355372,0.0,0.0,1.23966942,98.76033058,216,258.0,217,217,260,260,100.0,100.0,100.0,100.0,332.465157207048,301.782359619136,329.84545385,315.06406154,0.0,98.6175115207373,0.460829493087558,96.3133640552995,0.0,99.61538462,0.0,99.61538462,184,202.0,185,185,205,205,100.0,100.0,100.0,100.0,355.849173183015,319.245161363059,369.27579512,326.59622927,1.08108108108108,81.6216216216216,1.08108108108108,76.7567567567568,0.48780488,93.65853659,0.0,85.85365854,100.0,4.85125305804953
VARZEA ALEGRE,VARZEA ALEGRE,0.006294065878175074,391,396,396,100.0,100.0,624.85687121,740.88940259,0.25252525,5.05050505,23.73737374,70.95959596,2.77777778,4.04040404,16.91919192,76.26262626,376,395.0,381,381,403,403,100.0,100.0,100.0,100.0,277.719971329433,257.611848355338,277.65840695,255.68955583,1.5748031496063,70.3412073490814,0.26246719160105,79.002624671916,0.99255583,72.70471464,0.74441687,76.42679901,444,411.0,440,440,411,411,99.09909909909909,99.09909909909909,100.0,100.0,271.776642567867,261.033777969441,265.20992214,265.86473966,24.7727272727273,20.6818181818182,12.7272727272727,23.4090909090909,27.98053528,19.46472019,8.27250608,26.76399027,99.8,4.88659535181419
VICOSA DO CEARA,VICOSA DO CEARA,0.004687661470149431,793,794,793,100.0,100.0,625.89070025,732.01580273,0.62972292,3.90428212,19.77329975,75.69269521,2.14375788,5.92686003,22.82471627,69.10466583,825,802.0,835,835,807,807,100.0,100.0,100.0,100.0,256.365394362041,240.440969481731,262.62161958,247.20400124,2.51497005988024,56.1676646706587,1.43712574850299,63.9520958083832,2.47831475,63.56877323,0.61957869,72.61462206,924,771.0,925,925,776,777,100.0,100.0,100.0,100.0,274.056201014819,268.007029229107,274.03205799,265.95269884,21.7297297297297,19.027027027027,7.35135135135135,24.6486486486486,21.13402062,20.36082474,10.2960103,26.8983269,99.7,4.69229593633833
